"","Scientific_Name","Common_Name","Class","PresentInLPI","PresentInRL","Population_Trend","IUCN_Category","IUCN_Criteria","Generation_Length_Years","Generation_Length_Days","PercentDecrease10YMin","PercentDecreaseMin","PercentDecrease3GMin","PercentDecrease10YMid","PercentDecreaseMid","PercentDecrease3GMid","PercentDecrease10YMax","PercentDecreaseMax","PercentDecrease3GMax"
"1","Aceros nipalensis","Rufous-necked Hornbill","aves",FALSE,TRUE,"Decreasing","VU","A2cd+3cd+4cd",9.550671919,3488.38291841475,3.50389048801824,1.23713491695497,1.23713491695497,4.90109037786124,1.73860567284639,1.73860567284639,6.51175273797047,2.32267815691724,2.32267815691724
"2","Acrobatornis fonsecai","Pink-legged Graveteiro","aves",FALSE,TRUE,"Decreasing","VU","A2c+3c+4c;B1ab(i,ii,iii,v);C2a(i)",2.507388232,915.823551738,3.50389048801824,3.50389048801824,4.63099251676136,4.90109037786124,4.90109037786124,6.46234882715726,6.51175273797047,6.51175273797047,8.56252051118257
"3","Acrocephalus paludicola","Aquatic Warbler","aves",FALSE,TRUE,"Decreasing","VU","A2c",2.226320722,813.1636437105,3.50389048801824,3.50389048801824,5.20018702532566,4.90109037786124,4.90109037786124,7.24793825265179,6.51175273797047,6.51175273797047,9.59003984911102
"4","Aerodramus bartschi","Mariana Swiftlet","aves",TRUE,TRUE,"Decreasing","EN","A2e+3e+4e",2.225731797,812.94853885425,6.69670084631926,6.69670084631926,9.86017696966821,9.8381456326306,9.8381456326306,14.3671034857567,14.449622653224,14.449622653224,20.8422930958996
"5","Agelaius tricolor","Tricolored Blackbird","aves",TRUE,TRUE,"Decreasing","EN","A2bc+3bc+4bc",3.777039139,1379.56354551975,6.69670084631926,5.93385733783712,5.93385733783712,9.8381456326306,8.73452772670769,8.73452772670769,14.449622653224,12.8667075399106,12.8667075399106
"6","Agelastes meleagrides","White-breasted Guineafowl","aves",FALSE,TRUE,"Decreasing","VU","A2cd+3cd+4cd",2.461606778,899.1018756645,3.50389048801824,3.50389048801824,4.71505775522467,4.90109037786124,4.90109037786124,6.57849475794665,6.51175273797047,6.51175273797047,8.71462015696939
"7","Alectrurus risora","Strange-tailed Tyrant","aves",FALSE,TRUE,"Decreasing","VU","A2c+3c+4c",2.74042875,1000.9416009375,3.50389048801824,3.50389048801824,4.24566872521931,4.90109037786124,4.90109037786124,5.92944357517317,6.51175273797047,6.51175273797047,7.86382864461148
"8","Alectrurus tricolor","Cock-tailed Tyrant","aves",FALSE,TRUE,"Decreasing","VU","A2c+3c+4c",2.422907499,884.96696400975,3.50389048801824,3.50389048801824,4.78853544255962,4.90109037786124,4.90109037786124,6.67997844064477,6.51175273797047,6.51175273797047,8.84746615689359
"9","Alopecoenas hoedtii","Wetar Ground-dove","aves",FALSE,TRUE,"Decreasing","EN","A2cd+3cd+4cd",4.404154454,1608.6174143235,6.69670084631926,5.1109257510616,5.1109257510616,9.8381456326306,7.5390115066878,7.5390115066878,14.449622653224,11.1410017962798,11.1410017962798
"10","Amandava formosa","Green Avadavat","aves",FALSE,TRUE,"Decreasing","VU","A2cd+3cd+4cd",1.673476019,611.23711593975,3.50389048801824,3.50389048801824,6.85797690315757,4.90109037786124,4.90109037786124,9.52498123743832,6.51175273797047,6.51175273797047,12.5515705939359
"11","Amazona auropalliata","Yellow-naped Amazon","aves",TRUE,TRUE,"Decreasing","EN","A2acd+3cd+4acd",15.65694427,5718.6988946175,6.69670084631926,1.46486197556237,1.46486197556237,9.8381456326306,2.18072309890586,2.18072309890586,14.449622653224,3.26799735096474,3.26799735096474
"12","Amazona finschi","Lilac-crowned Amazon","aves",FALSE,TRUE,"Decreasing","EN","A2cd+3cd+4cd",10.75834867,3929.4868517175,6.69670084631926,2.12472842131398,2.12472842131398,9.8381456326306,3.15785171221549,3.15785171221549,14.449622653224,4.72041581133358,4.72041581133358
"13","Amazona oratrix","Yellow-headed Amazon","aves",FALSE,TRUE,"Decreasing","EN","A2bcd+4bcd",16.55617919,6047.1444491475,6.69670084631926,1.38585318150821,1.38585318150821,9.8381456326306,2.06350975219737,2.06350975219737,14.449622653224,3.09327366427933,3.09327366427933
"14","Amazona pretrei","Red-spectacled Amazon","aves",FALSE,TRUE,"Decreasing","VU","A2cd+3cd+4cd",10.59362238,3869.320574295,3.50389048801824,1.11602033114331,1.11602033114331,4.90109037786124,1.56878866395396,1.56878866395396,6.51175273797047,2.09642345681648,2.09642345681648
"15","Amazona tucumana","Tucuman Amazon","aves",TRUE,TRUE,"Decreasing","VU","A2bcd+3bcd+4bcd",9.596479673,3505.11420056325,3.50389048801824,1.23126609337594,1.23126609337594,4.90109037786124,1.73037884863434,1.73037884863434,6.51175273797047,2.31172025714793,2.31172025714793
"16","Amazona ventralis","Hispaniolan Amazon","aves",FALSE,TRUE,"Decreasing","VU","A2cd+3cd+4cd",9.379996932,3426.043879413,3.50389048801824,1.25950301706923,1.25950301706923,4.90109037786124,1.76995908938977,1.76995908938977,6.51175273797047,2.36443717174548,2.36443717174548
"17","Amazona viridigenalis","Red-crowned Amazon","aves",FALSE,TRUE,"Decreasing","EN","A2bcd+3bcd+4bcd",10.24997758,3743.804311095,6.69670084631926,2.22892614319836,2.22892614319836,9.8381456326306,3.31185064109165,3.31185064109165,14.449622653224,4.94864707341152,4.94864707341152
"18","Ammospiza caudacuta","Saltmarsh Sparrow","aves",FALSE,TRUE,"Decreasing","EN","A2ace+3ce+4ace",2.337685565,853.83965261625,6.69670084631926,6.69670084631926,9.41093462692938,9.8381456326306,9.8381456326306,13.7286623230803,14.449622653224,14.449622653224,19.9512688519925
"19","Ampelornis griseiceps","Grey-headed Antbird","aves",FALSE,TRUE,"Decreasing","VU","A2c+3c+4c;B1ab(i,ii,iii,iv,v);C2a(i)",2.528825535,923.65352665875,3.50389048801824,3.50389048801824,4.59265044356808,4.90109037786124,4.90109037786124,6.40936087584075,6.51175273797047,6.51175273797047,8.49310846828472
"20","Amytornis dorotheae","Carpentarian Grasswren","aves",FALSE,TRUE,"Decreasing","VU","A2c",3.282145667,1198.80370487175,3.50389048801824,3.50389048801824,3.55755276527383,4.90109037786124,4.90109037786124,4.97559309092058,6.51175273797047,6.51175273797047,6.60987641938138
"21","Anas luzonica","Philippine Duck","aves",FALSE,TRUE,"Decreasing","VU","A2bcd",3.390974296,1238.553361614,3.50389048801824,3.44536826783493,3.44536826783493,4.90109037786124,4.8198209852142,4.8198209852142,6.51175273797047,6.40468721034878,6.40468721034878
"22","Anodorhynchus hyacinthinus","Hyacinth Macaw","aves",FALSE,TRUE,"Decreasing","VU","A2cd; C2a(ii)",11.28936891,4123.4419943775,3.50389048801824,1.04760327573125,1.04760327573125,4.90109037786124,1.47282223359856,1.47282223359856,6.51175273797047,1.96850443893869,1.96850443893869
"23","Anser cygnoid","Swan Goose","aves",FALSE,TRUE,"Decreasing","VU","A2bcd+3bcd+4bcd",9.428410925,3443.72709035625,3.50389048801824,1.2530762805812,1.2530762805812,4.90109037786124,1.76095101564386,1.76095101564386,6.51175273797047,2.35243995468863,2.35243995468863
"24","Anser erythropus","Lesser White-fronted Goose","aves",TRUE,TRUE,"Decreasing","VU","A2bcd+3bcd+4bcd",7.603944772,2777.340827973,3.50389048801824,1.55139220977577,1.55139220977577,4.90109037786124,2.17883446027995,2.17883446027995,6.51175273797047,2.90859532057912,2.90859532057912
"25","Anthochaera phrygia","Regent Honeyeater","aves",FALSE,TRUE,"Decreasing","CR","A2bce",3.396912726,1240.7223731715,14.8660077479215,14.6091672507369,14.6091672507369,20.1786754970349,19.841247086401,19.841247086401,36.9042655519807,36.3580668088576,36.3580668088576
"26","Anthracoceros malayanus","Black Hornbill","aves",FALSE,TRUE,"Decreasing","VU","A2cd+3cd+4cd",5.938751527,2169.12899523675,3.50389048801824,1.98205743645318,1.98205743645318,4.90109037786124,2.78120088368513,2.78120088368513,6.51175273797047,3.70885591676458,3.70885591676458
"27","Anthracoceros marchei","Palawan Hornbill","aves",FALSE,TRUE,"Decreasing","VU","A2cd+3cd+4cd",5.555507825,2029.14923308125,3.50389048801824,2.11733107813483,2.11733107813483,4.90109037786124,2.97018351809631,2.97018351809631,6.51175273797047,3.95957796725005,3.95957796725005
"28","Anthus nattereri","Ochre-breasted Pipit","aves",FALSE,TRUE,"Decreasing","VU","A2c",1.98679716,725.67766269,3.50389048801824,3.50389048801824,5.80855807922002,4.90109037786124,4.90109037786124,8.08546818708925,6.51175273797047,6.51175273797047,10.6822414256437
"29","Anthus spragueii","Sprague's Pipit","aves",TRUE,TRUE,"Decreasing","VU","A2bce+3bce+4bce",1.940463213,708.75418854825,3.50389048801824,3.50389048801824,5.94304898171015,4.90109037786124,4.90109037786124,8.27032073664639,6.51175273797047,6.51175273797047,10.9228486424786
"30","Antigone antigone","Sarus Crane","aves",TRUE,TRUE,"Decreasing","VU","A2cde+3cde+4cde",16.69509256,6097.88255754,3.50389048801824,0.709605627964072,0.709605627964072,4.90109037786124,0.998325700149971,0.998325700149971,6.51175273797047,1.335399523509,1.335399523509
"31","Antigone vipio","White-naped Crane","aves",TRUE,TRUE,"Decreasing","VU","A2bcde+3bcde+4bcde",12.24847171,4473.7542920775,3.50389048801824,0.965969415053947,0.965969415053947,4.90109037786124,1.35828150471379,1.35828150471379,6.51175273797047,1.8157712527852,1.8157712527852
"32","Aphelocoma coerulescens","Florida Scrub-jay","aves",FALSE,TRUE,"Decreasing","VU","A2cde+3cde+4cde; C1+2a(i)",5.175549526,1890.3694643715,3.50389048801824,2.27099493655557,2.27099493655557,4.90109037786124,3.18472848025225,3.18472848025225,6.51175273797047,4.24401226165462,4.24401226165462
"33","Apteryx australis","Southern Brown Kiwi","aves",TRUE,TRUE,"Decreasing","VU","A2be+3be+4be",9.627643814,3516.4969030635,3.50389048801824,1.22730511255024,1.22730511255024,4.90109037786124,1.7248262952788,1.7248262952788,6.51175273797047,2.30432423510893,2.30432423510893
"34","Apteryx haastii","Great Spotted Kiwi","aves",TRUE,TRUE,"Decreasing","VU","A2e",9.253745993,3379.93072394325,3.50389048801824,1.27657655216545,1.27657655216545,4.90109037786124,1.79388914772169,1.79388914772169,6.51175273797047,2.39630610958005,2.39630610958005
"35","Apteryx mantelli","Northern Brown Kiwi","aves",FALSE,TRUE,"Stable","VU","A2bce",8.50203165,3105.3670601625,3.50389048801824,1.38865895979526,1.38865895979526,4.90109037786124,1.95094045478783,1.95094045478783,6.51175273797047,2.60539420383588,2.60539420383588
"36","Aquila nipalensis","Steppe Eagle","aves",TRUE,TRUE,"Decreasing","EN","A2abcd+3bcd+4abcd",12.90364843,4713.0575890575,6.69670084631926,1.7746360903533,1.7746360903533,9.8381456326306,2.63983983462434,2.63983983462434,14.449622653224,3.95135585715379,3.95135585715379
"37","Aquila rapax","Tawny Eagle","aves",TRUE,TRUE,"Decreasing","VU","A2ace+3ce+4ace",12.69701655,4637.5852948875,3.50389048801824,0.932004342979353,0.932004342979353,4.90109037786124,1.31061362766283,1.31061362766283,6.51175273797047,1.75219122942007,1.75219122942007
"38","Ara ambiguus","Great Green Macaw","aves",FALSE,TRUE,"Decreasing","EN","A2cd+3cd+4cd",9.690833637,3539.57698591425,6.69670084631926,2.35600455299664,2.35600455299664,9.8381456326306,3.4995563264311,3.4995563264311,14.449622653224,5.22658369940898,5.22658369940898
"39","Ara glaucogularis","Blue-throated Macaw","aves",FALSE,TRUE,"Stable","CR","A2bcde",9.396982068,3432.247700337,14.8660077479215,5.54915029281953,5.54915029281953,20.1786754970349,7.68351644079788,7.68351644079788,36.9042655519807,15.0711512814716,15.0711512814716
"40","Ara militaris","Military Macaw","aves",FALSE,TRUE,"Decreasing","VU","A2cd+3cd+4cd",12.92212445,4719.8059553625,3.50389048801824,0.915843080776502,0.915843080776502,4.90109037786124,1.28792994945377,1.28792994945377,6.51175273797047,1.72193178345039,1.72193178345039
"41","Aramides wolfi","Brown Wood-rail","aves",FALSE,TRUE,"Decreasing","VU","A2c+3c+4c;B1ab(i,ii,iii,v)",5.568691711,2033.96464744275,3.50389048801824,2.11237161517054,2.11237161517054,4.90109037786124,2.96325683685744,2.96325683685744,6.51175273797047,3.95039131183486,3.95039131183486
"42","Arborophila ardens","Hainan Partridge","aves",FALSE,TRUE,"Decreasing","VU","A2cd;B1ab(ii,iii,iv,v);C2a(i)",4.985385429,1820.91202794225,3.50389048801824,2.35659180594644,2.35659180594644,4.90109037786124,3.30417874661487,3.30417874661487,6.51175273797047,4.40228138515578,4.40228138515578
"43","Arborophila orientalis","White-faced Partridge","aves",FALSE,TRUE,"Decreasing","VU","A2cd+3cd+4cd;B1ab(ii,iii,v)",4.958746008,1811.181979422,3.50389048801824,2.36910074954545,2.36910074954545,4.90109037786124,3.32163136847745,3.32163136847745,6.51175273797047,4.42540018491748,4.42540018491748
"44","Ardeotis nigriceps","Great Indian Bustard","aves",FALSE,TRUE,"Decreasing","CR","A2a+4acd; C1",12.79543119,4673.5312421475,14.8660077479215,4.10606136315866,4.10606136315866,20.1786754970349,5.70231381358758,5.70231381358758,36.9042655519807,11.3052182297093,11.3052182297093
"45","Asarcornis scutulata","White-winged Duck","aves",FALSE,TRUE,"Decreasing","EN","A2cd+3cd+4cd;C2a(i)",4.816735066,1759.3124828565,6.69670084631926,4.68356948463425,4.68356948463425,9.8381456326306,6.91614167953615,6.91614167953615,14.449622653224,10.2373992991275,10.2373992991275
"46","Attila torridus","Ochraceous Attila","aves",FALSE,TRUE,"Decreasing","VU","A2c+3c+4c;B1ab(i,ii,iii,v);C2a(i)",3.025204678,1104.9560086395,3.50389048801824,3.50389048801824,3.85381237047452,4.90109037786124,4.90109037786124,5.38660367686533,6.51175273797047,6.51175273797047,7.15072689078146
"47","Aythya baeri","Baer's Pochard","aves",TRUE,TRUE,"Decreasing","CR","A2cd+3cd+4cd; C2a(ii)",3.535442068,1291.320215337,14.8660077479215,14.0791105496361,14.0791105496361,20.1786754970349,19.1435918519672,19.1435918519672,36.9042655519807,35.2211410961508,35.2211410961508
"48","Aythya ferina","Common Pochard","aves",TRUE,TRUE,"Decreasing","VU","A2ab+3b+4ab",4.227950229,1544.25882114225,3.50389048801824,2.77287008733869,2.77287008733869,4.90109037786124,3.88448350260076,3.88448350260076,6.51175273797047,5.17022665920905,5.17022665920905
"49","Balearica regulorum","Grey Crowned Crane","aves",TRUE,TRUE,"Decreasing","EN","A2acd+4acd",9.252157642,3379.3505787405,6.69670084631926,2.4663219508532,2.4663219508532,9.8381456326306,3.66240672257274,3.66240672257274,14.449622653224,5.46749507722941,5.46749507722941
"50","Brachyramphus marmoratus","Marbled Murrelet","aves",TRUE,TRUE,"Decreasing","EN","A2bce+3bce+4bce",6.559886244,2395.998450621,6.69670084631926,3.46084456069591,3.46084456069591,9.8381456326306,5.12640589099849,5.12640589099849,14.449622653224,7.62396310101802,7.62396310101802
"51","Branta ruficollis","Red-breasted Goose","aves",TRUE,TRUE,"Decreasing","VU","A2bcd+3bcd+4bcd",7.257185195,2650.68689247375,3.50389048801824,1.62491466681108,1.62491466681108,4.90109037786124,2.28174588295968,2.28174588295968,6.51175273797047,3.04543497247213,3.04543497247213
"52","Brotogeris pyrrhoptera","Grey-cheeked Parakeet","aves",FALSE,TRUE,"Decreasing","EN","A2cd",3.611737619,1319.18716533975,6.69670084631926,6.19684713676408,6.19684713676408,9.8381456326306,9.11550069058267,9.11550069058267,14.449622653224,13.4142386823276,13.4142386823276
"53","Bubo philippensis","Philippine Eagle-owl","aves",FALSE,TRUE,"Decreasing","VU","A2c+3c+4c;C2a(i)",7.189387204,2625.923676261,3.50389048801824,1.64011172990317,1.64011172990317,4.90109037786124,2.30301371245121,2.30301371245121,6.51175273797047,3.07370835523605,3.07370835523605
"54","Bubo scandiacus","Snowy Owl","aves",TRUE,TRUE,"Decreasing","VU","A2bd+3bd+4bd",8.099700474,2958.4155981285,3.50389048801824,1.45713196632905,1.45713196632905,4.90109037786124,2.04684980283569,2.04684980283569,6.51175273797047,2.73302582719432,2.73302582719432
"55","Buceros hydrocorax","Northern Rufous Hornbill","aves",FALSE,TRUE,"Decreasing","VU","A2cd+3cd+4cd",8.529068027,3115.24209686175,3.50389048801824,1.3842876454759,1.3842876454759,4.90109037786124,1.9448166803792,1.9448166803792,6.51175273797047,2.59724353269781,2.59724353269781
"56","Buceros mindanensis","Southern Rufous Hornbill","aves",FALSE,TRUE,"Decreasing","VU","A2cd+3cd+4cd",12.8878229,4707.277314225,3.50389048801824,0.918269414386652,0.918269414386652,4.90109037786124,1.29133560738786,1.29133560738786,6.51175273797047,1.72647499474953,1.72647499474953
"57","Bucorvus abyssinicus","Northern Ground-hornbill","aves",FALSE,TRUE,"Decreasing","VU","A2bcd+3bcd+4bcd",19.29235407,7046.5323240675,3.50389048801824,0.614368035613011,0.614368035613011,4.90109037786124,0.864507401843051,0.864507401843051,6.51175273797047,1.15666347194662,1.15666347194662
"58","Bugeranus carunculatus","Wattled Crane","aves",TRUE,TRUE,"Decreasing","VU","A2acde+3cde+4acde",13.63577331,4980.4662014775,3.50389048801824,0.8681197203663,0.8681197203663,4.90109037786124,1.22093740641696,1.22093740641696,6.51175273797047,1.63255164877386,1.63255164877386
"59","Bycanistes cylindricus","Brown-cheeked Hornbill","aves",FALSE,TRUE,"Decreasing","VU","A2cd+3cd+4cd",7.545381748,2755.950683457,3.50389048801824,1.56333863303102,1.56333863303102,4.90109037786124,2.19555833942561,2.19555833942561,6.51175273797047,2.9308361232702,2.9308361232702
"60","Cacatua haematuropygia","Philippine Cockatoo","aves",FALSE,TRUE,"Decreasing","CR","A2bcd",10.46252831,3821.4384652275,14.8660077479215,4.9983815583515,4.9983815583515,20.1786754970349,6.92879114925453,6.92879114925453,36.9042655519807,13.6463818669157,13.6463818669157
"61","Cacatua moluccensis","Salmon-crested Cockatoo","aves",FALSE,TRUE,"Decreasing","VU","A2cd+3cd+4cd;C2a(ii)",24.19221276,8836.20571059,3.50389048801824,0.49024032260131,0.49024032260131,4.90109037786124,0.690016887078626,0.690016887078626,6.51175273797047,0.923479870242772,0.923479870242772
"62","Cacatua ophthalmica","Blue-eyed Cockatoo","aves",FALSE,TRUE,"Decreasing","VU","A2cd",11.81642903,4315.9507032075,3.50389048801824,1.00111066741141,1.00111066741141,4.90109037786124,1.40759304204728,1.40759304204728,6.51175273797047,1.88153262188322,1.88153262188322
"63","Cacatua sulphurea","Yellow-crested Cockatoo","aves",TRUE,TRUE,"Decreasing","CR","A2cd+3cd+4cd",14.6924062,5366.40136455,14.8660077479215,3.5855455680486,3.5855455680486,20.1786754970349,4.98475897842301,4.98475897842301,36.9042655519807,9.9206826958429,9.9206826958429
"64","Calcarius ornatus","Chestnut-collared Longspur","aves",TRUE,TRUE,"Decreasing","VU","A2bc+3bc+4bc",2.275903816,831.273868794,3.50389048801824,3.50389048801824,5.08982911200196,4.90109037786124,4.90109037786124,7.09577508208927,6.51175273797047,6.51175273797047,9.39124671024508
"65","Calidris pygmaea","Spoon-billed Sandpiper","aves",TRUE,TRUE,"Decreasing","CR","A2abcd+3bcd+4abcd; C2a(i)",3.354764461,1225.32771938025,14.8660077479215,14.7784320723342,14.7784320723342,20.1786754970349,20.0636672458205,20.0636672458205,36.9042655519807,36.7183705739759,36.7183705739759
"66","Calidris tenuirostris","Great Knot","aves",TRUE,TRUE,"Decreasing","EN","A2bc+3bc+4bc",6.355211089,2321.24085025725,6.69670084631926,3.57029064933632,3.57029064933632,9.8381456326306,5.28706402789765,5.28706402789765,14.449622653224,7.85959133216554,7.85959133216554
"67","Capito quinticolor","Five-colored Barbet","aves",FALSE,TRUE,"Decreasing","VU","A2c+3c+4c",3.608747749,1318.09511532225,3.50389048801824,3.24086140150518,3.24086140150518,4.90109037786124,4.53566559501043,4.53566559501043,6.51175273797047,6.03009240646192,6.03009240646192
"68","Caprimulgus concretus","Bonaparte's Nightjar","aves",FALSE,TRUE,"Decreasing","VU","A2c+3c+4c",3.660402131,1336.96187834775,3.50389048801824,3.19586620595588,3.19586620595588,4.90109037786124,4.47311330266089,4.47311330266089,6.51175273797047,5.94758036326283,5.94758036326283
"69","Carpococcyx renauldi","Coral-billed Ground-cuckoo","aves",FALSE,TRUE,"Decreasing","VU","A2cd+3cd+4cd",5.803698935,2119.80103600875,3.50389048801824,2.02770931639151,2.02770931639151,4.90109037786124,2.84499029850569,2.84499029850569,6.51175273797047,3.79350346375722,3.79350346375722
"70","Carpornis melanocephala","Black-headed Berryeater","aves",FALSE,TRUE,"Decreasing","VU","A2c+3c+4c;B1ab(ii,iii,iv,v);C2a(i)",3.529997711,1289.33166394275,3.50389048801824,3.31195059301593,3.31195059301593,4.90109037786124,4.63446950283846,4.63446950283846,6.51175273797047,6.16038611926759,6.16038611926759
"71","Catharus bicknelli","Bicknell's Thrush","aves",TRUE,TRUE,"Decreasing","VU","A2c+3c+4c",2.319425416,847.170133194,3.50389048801824,3.50389048801824,4.99675101226887,4.90109037786124,4.90109037786124,6.96738132186325,6.51175273797047,6.51175273797047,9.22342092822755
"72","Celeus tinnunculus","Atlantic Black-breasted Woodpecker","aves",FALSE,TRUE,"Decreasing","VU","A2c+3c+4c",2.353423875,859.58807034375,3.50389048801824,3.50389048801824,4.92637425045459,4.90109037786124,4.90109037786124,6.8702680746063,6.51175273797047,6.51175273797047,9.09643015323898
"73","Centropus rectunguis","Short-toed Coucal","aves",FALSE,TRUE,"Decreasing","VU","A2c+3c+4c",4.161527688,1519.997988042,3.50389048801824,2.81649897941807,2.81649897941807,4.90109037786124,3.94524479686984,3.94524479686984,6.51175273797047,5.2505440625458,5.2505440625458
"74","Cephalopterus penduliger","Long-wattled Umbrellabird","aves",FALSE,TRUE,"Decreasing","VU","A2cd+3cd+4cd",6.24833433,2282.2041140325,3.50389048801824,1.88478501000234,1.88478501000234,4.90109037786124,2.64524150907864,2.64524150907864,6.51175273797047,3.52837697335651,3.52837697335651
"75","Ceratogymna elata","Yellow-casqued Hornbill","aves",FALSE,TRUE,"Decreasing","VU","A2cd+3cd+4cd",7.262393835,2652.58934823375,3.50389048801824,1.62375877986365,1.62375877986365,4.90109037786124,2.28012819920497,2.28012819920497,6.51175273797047,3.04328434338732,3.04328434338732
"76","Cercomacra ferdinandi","Bananal Antbird","aves",FALSE,TRUE,"Decreasing","VU","A2c+3c+4c",2.346498801,857.05868706525,3.50389048801824,3.50389048801824,4.94054794130379,4.90109037786124,4.90109037786124,6.88982878656929,6.51175273797047,6.51175273797047,9.1220124684025
"77","Ceyx melanurus","North Philippine Dwarf-kingfisher","aves",FALSE,TRUE,"Decreasing","VU","A2c+3c+4c",2.516277338,919.0702977045,3.50389048801824,3.50389048801824,4.6150163355011,4.90109037786124,4.90109037786124,6.4402711338972,6.51175273797047,6.51175273797047,8.53360126241505
"78","Ceyx mindanensis","South Philippine Dwarf-Kingfisher","aves",FALSE,TRUE,"Decreasing","VU","A2c+3c+4c",2.323005138,848.4776266545,3.50389048801824,3.50389048801824,4.98924644463639,4.90109037786124,4.90109037786124,6.95702713205378,6.51175273797047,6.51175273797047,9.20988334907477
"79","Ceyx websteri","Bismarck Kingfisher","aves",FALSE,TRUE,"Decreasing","VU","A2c; C1+2a(ii)",3.28883067,1201.2454022175,3.50389048801824,3.50389048801824,3.55045146628212,4.90109037786124,4.90109037786124,4.96573488407145,6.51175273797047,6.51175273797047,6.59689418422021
"80","Chaetocercus berlepschi","Esmeraldas Woodstar","aves",FALSE,TRUE,"Decreasing","EN","A2c+3c+4c;B1ab(i,ii,iii,iv,v);C2a(ii)",1.778644875,649.65004059375,6.69670084631926,6.69670084631926,12.1818281248813,9.8381456326306,9.8381456326306,17.6414051202942,14.449622653224,14.449622653224,25.3588930135361
"81","Chaetornis striata","Bristled Grassbird","aves",FALSE,TRUE,"Decreasing","VU","A2c+3c+4c;C2a(i)",2.571577387,939.26864060175,3.50389048801824,3.50389048801824,4.51805034876136,4.90109037786124,4.90109037786124,6.30624013605263,6.51175273797047,6.51175273797047,8.35798623453277
"82","Chaetura pelagica","Chimney Swift","aves",TRUE,TRUE,"Decreasing","VU","A2acd+3cd+4acd",3.009395796,1099.181814489,3.50389048801824,3.50389048801824,3.87365986405891,4.90109037786124,4.90109037786124,5.41412026271909,6.51175273797047,6.51175273797047,7.18690759865913
"83","Chatarrhaea longirostris","Slender-billed Babbler","aves",FALSE,TRUE,"Decreasing","VU","A2c+3c+4c",2.770555702,1011.9454701555,3.50389048801824,3.50389048801824,4.20048500203889,4.90109037786124,4.90109037786124,5.86689666817699,6.51175273797047,6.51175273797047,7.78173501459699
"84","Chlamydotis undulata","African Houbara","aves",FALSE,TRUE,"Decreasing","VU","A2cd+3cd+4cd",7.121839403,2601.25184194575,3.50389048801824,1.6555380550104,1.6555380550104,4.90109037786124,2.3246010129661,2.3246010129661,6.51175273797047,3.10240430227851,3.10240430227851
"85","Chlidonias albostriatus","Black-fronted Tern","aves",FALSE,TRUE,"Decreasing","EN","A2bce+3bce+4bce",5.282619277,1929.47669092425,6.69670084631926,4.27948996597258,4.27948996597258,9.8381456326306,6.32592695124972,6.32592695124972,14.449622653224,9.37833647271594,9.37833647271594
"86","Chloropsis flavipennis","Philippine Leafbird","aves",FALSE,TRUE,"Decreasing","VU","A2c+3c+4c;C2a(i)",3.146509231,1149.26249662275,3.50389048801824,3.50389048801824,3.70802973824828,4.90109037786124,4.90109037786124,5.18441930975591,6.51175273797047,6.51175273797047,6.88477126318906
"87","Chloropsis media","Sumatran Leafbird","aves",FALSE,TRUE,"Decreasing","EN","A2d+3d+4d",3.15303482,1151.645968005,6.69670084631926,6.69670084631926,7.0657850359209,9.8381456326306,9.8381456326306,10.3705096062481,14.449622653224,14.449622653224,15.2096929814284
"88","Chloropsis sonnerati","Greater Green Leafbird","aves",FALSE,TRUE,"Decreasing","EN","A2cd+3cd+4cd",3.440654474,1256.6990466285,6.69670084631926,6.49475438268827,6.49475438268827,9.8381456326306,9.54641873615489,9.54641873615489,14.449622653224,14.0321495150634,14.0321495150634
"89","Chrysomma altirostre","Jerdon's Babbler","aves",FALSE,TRUE,"Decreasing","VU","A2c+3c+4c",2.923063105,1067.64879910125,3.50389048801824,3.50389048801824,3.98575794587966,4.90109037786124,4.90109037786124,5.56948953782327,6.51175273797047,6.51175273797047,7.39113070312909
"90","Ciconia episcopus","Asian Woollyneck","aves",FALSE,TRUE,"Decreasing","VU","A2cd+3cd+4cd",9.751087535,3561.58472215875,3.50389048801824,1.21186259398762,1.21186259398762,4.90109037786124,1.703177906663,1.703177906663,6.51175273797047,2.275487143268,2.275487143268
"91","Ciconia stormi","Storm's Stork","aves",FALSE,TRUE,"Decreasing","EN","A2c+3c+4c; C2a(i)",9.928362872,3626.334538998,6.69670084631926,2.30029214809492,2.30029214809492,9.8381456326306,3.41727918686078,3.41727918686078,14.449622653224,5.10478928530633,5.10478928530633
"92","Circaetus beaudouini","Beaudouin's Snake-eagle","aves",FALSE,TRUE,"Decreasing","VU","A2bcd+3bcd+4bcd; C1+2a(ii)",8.045677651,2938.68376202775,3.50389048801824,1.46684379093311,1.46684379093311,4.90109037786124,2.06045083703994,2.06045083703994,6.51175273797047,2.75112200217923,2.75112200217923
"93","Cisticola aberdare","Aberdare Cisticola","aves",FALSE,TRUE,"Decreasing","VU","A2c+3c+4c; B1ab(i,ii,iii,iv,v)",3.283613461,1199.33981663025,3.50389048801824,3.50389048801824,3.55599113466076,4.90109037786124,4.90109037786124,4.97342522039037,6.51175273797047,6.51175273797047,6.60702159817926
"94","Clibanornis erythrocephalus","Henna-hooded Foliage-gleaner","aves",FALSE,TRUE,"Decreasing","VU","A2c+3c+4c;B1ab(i,ii,iii,iv,v);C2a(i)",3.337668036,1219.083250149,3.50389048801824,3.49942047654581,3.49942047654581,4.90109037786124,4.89488361534347,4.89488361534347,6.51175273797047,6.50357695166123,6.50357695166123
"95","Colaptes fernandinae","Fernandina's Flicker","aves",FALSE,TRUE,"Decreasing","VU","A2c+3c+4c;B1ab(i,ii,iii,iv,v);C2a(i);D1",3.402887788,1242.904764567,3.50389048801824,3.43351554674295,3.43351554674295,4.90109037786124,4.80335874195739,4.80335874195739,6.51175273797047,6.38299581605341,6.38299581605341
"96","Columba eversmanni","Yellow-eyed Pigeon","aves",FALSE,TRUE,"Decreasing","VU","A2bcd+3bcd+4bcd",3.04896325,1113.6338270625,3.50389048801824,3.50389048801824,3.8243638623879,4.90109037786124,4.90109037786124,5.34577195439748,6.51175273797047,6.51175273797047,7.0970319296509
"97","Corvus kubaryi","Mariana Crow","aves",TRUE,TRUE,"Decreasing","CR","A2bcde+3bcde+4bcde; C2a(ii)",4.784556879,1747.55940005475,14.8660077479215,10.6069520859066,10.6069520859066,20.1786754970349,14.5311937406783,14.5311937406783,36.9042655519807,27.445756327804,27.445756327804
"98","Corvus leucognaphalus","White-necked Crow","aves",FALSE,TRUE,"Decreasing","VU","A2cd;B1ab(i,ii,iii,v);C2a(i)",5.871268123,2144.48068192575,3.50389048801824,2.0046090113493,2.0046090113493,4.90109037786124,2.81271373928103,2.81271373928103,6.51175273797047,3.75067533927775,3.75067533927775
"99","Coryphaspiza melanotis","Black-masked Finch","aves",FALSE,TRUE,"Decreasing","VU","A2c+3c+4c",2.507815481,915.97960443525,3.50389048801824,3.50389048801824,4.6302221026009,4.90109037786124,4.90109037786124,6.46128421648493,6.51175273797047,6.51175273797047,8.56112604641145
"100","Cotinga ridgwayi","Turquoise Cotinga","aves",FALSE,TRUE,"Decreasing","VU","A2c+3c+4c;B1ab(i,ii,iii,iv,v)",3.291150314,1202.0926521885,3.50389048801824,3.50389048801824,3.5479939908484,4.90109037786124,4.90109037786124,4.96232328401083,6.51175273797047,6.51175273797047,6.59240135443336
"101","Crax globulosa","Wattled Curassow","aves",FALSE,TRUE,"Decreasing","EN","A2d+3d+4d;C2a(i)",8.189658677,2991.27283177425,6.69670084631926,2.78180437214963,2.78180437214963,9.8381456326306,4.12761911505641,4.12761911505641,14.449622653224,6.15456580356811,6.15456580356811
"102","Crax rubra","Great Curassow","aves",TRUE,TRUE,"Decreasing","VU","A2cd+3cd+4cd",8.744835209,3194.05106008725,3.50389048801824,1.35036385810806,1.35036385810806,4.90109037786124,1.89728907218666,1.89728907218666,6.51175273797047,2.53397896747016,2.53397896747016
"103","Criniger olivaceus","Yellow-bearded Greenbul","aves",FALSE,TRUE,"Decreasing","VU","A2c+3c+4c",2.933971355,1071.63303741375,3.50389048801824,3.50389048801824,3.97123746950576,4.90109037786124,4.90109037786124,5.54936816460806,6.51175273797047,6.51175273797047,7.36468886188903
"104","Cryptoleucopteryx plumbea","Plumbeous Hawk","aves",FALSE,TRUE,"Decreasing","VU","A2c+3c+4c",5.857309533,2139.38230692825,3.50389048801824,2.00933788793813,2.00933788793813,4.90109037786124,2.81932134537548,2.81932134537548,6.51175273797047,3.7594434387354,3.7594434387354
"105","Culicivora caudacuta","Sharp-tailed Tyrant","aves",FALSE,TRUE,"Decreasing","VU","A2c+3c+4c",1.965014848,717.721673232,3.50389048801824,3.50389048801824,5.87101827847702,4.90109037786124,4.90109037786124,8.17133075039976,6.51175273797047,6.51175273797047,10.7940220728581
"106","Cyanolyca mirabilis","White-throated Jay","aves",FALSE,TRUE,"Decreasing","VU","A2c+3c+4c",3.405185629,1243.74405099225,3.50389048801824,3.43123880147984,3.43123880147984,4.90109037786124,4.80019647606169,4.80019647606169,6.51175273797047,6.37882892586853,6.37882892586853
"107","Cyanoramphus malherbi","Malherbe's Parakeet","aves",FALSE,TRUE,"Stable","CR","A2bce",3.568715036,1303.473166899,14.8660077479215,13.9574653612923,13.9574653612923,20.1786754970349,18.9832400599032,18.9832400599032,36.9042655519807,34.9583727677052,34.9583727677052
"108","Cyornis caerulatus","Large-billed Blue-flycatcher","aves",FALSE,TRUE,"Decreasing","VU","A2c+3c+4c",2.588661302,945.5085405555,3.50389048801824,3.50389048801824,4.48891290460502,4.90109037786124,4.90109037786124,6.26595409582213,6.51175273797047,6.51175273797047,8.305184477114
"109","Cypseloides niger","Black Swift","aves",TRUE,TRUE,"Decreasing","VU","A2ace+3ce+4ace",3.738376237,1365.44192056425,3.50389048801824,3.13026210831006,3.13026210831006,4.90109037786124,4.38188922181527,4.38188922181527,6.51175273797047,5.82721475425256,5.82721475425256
"110","Dacnis berlepschi","Scarlet-breasted Dacnis","aves",FALSE,TRUE,"Decreasing","VU","A2c+3c+4c;B1ab(i,ii,iii,iv,v)",2.51350285,918.0569159625,3.50389048801824,3.50389048801824,4.61999101371574,4.90109037786124,4.90109037786124,6.44714586873553,6.51175273797047,6.51175273797047,8.54260662615158
"111","Dendrortyx barbatus","Bearded Wood-partridge","aves",FALSE,TRUE,"Decreasing","VU","A2cd+3cd+4cd;B1ab(i,ii,iii,v);C2a(i)",5.418059096,1978.946084814,3.50389048801824,2.17045773543783,2.17045773543783,4.90109037786124,3.04437436698578,3.04437436698578,6.51175273797047,4.05796114459319,4.05796114459319
"112","Dicaeum haematostictum","Black-belted Flowerpecker","aves",FALSE,TRUE,"Decreasing","VU","A2c+3c+4c",2.589837505,945.93814870125,3.50389048801824,3.50389048801824,4.48692065293313,4.90109037786124,4.90109037786124,6.26319938337473,6.51175273797047,6.51175273797047,8.30157367270531
"113","Dicaeum retrocinctum","Scarlet-collared Flowerpecker","aves",FALSE,TRUE,"Decreasing","VU","A2c+3c+4c;B1ab(i,ii,iii,iv,v)",2.011620074,734.7442320285,3.50389048801824,3.50389048801824,5.73897936167064,4.90109037786124,4.90109037786124,7.9897925469235,6.51175273797047,6.51175273797047,10.5576437539314
"114","Doliornis remseni","Chestnut-bellied Cotinga","aves",FALSE,TRUE,"Decreasing","VU","A2c+3c+4c;B1ab(i,ii,iii,v);C2a(i)",3.668989457,1340.09839916925,3.50389048801824,3.18850677144467,3.18850677144467,4.90109037786124,4.46288108993376,4.46288108993376,6.51175273797047,5.93408141536899,5.93408141536899
"115","Ducula brenchleyi","Chestnut-bellied Imperial-pigeon","aves",FALSE,TRUE,"Decreasing","VU","A2cd+3cd+4cd; C2a(i); D1",5.324330706,1944.7117903665,3.50389048801824,2.20824103539095,2.20824103539095,4.90109037786124,3.09712834616142,3.09712834616142,6.51175273797047,4.12790170231012,4.12790170231012
"116","Ducula carola","Spotted Imperial-pigeon","aves",FALSE,TRUE,"Decreasing","VU","A2cd+3cd+4cd",5.855893044,2138.864934321,3.50389048801824,2.0098190117683,2.0098190117683,4.90109037786124,2.81999360698648,2.81999360698648,6.51175273797047,3.76033549881554,3.76033549881554
"117","Dysithamnus plumbeus","Plumbeous Antvireo","aves",FALSE,TRUE,"Decreasing","VU","A2c+3c+4c; C2a(i)",3.173098246,1158.9741343515,3.50389048801824,3.50389048801824,3.67753675640194,4.90109037786124,4.90109037786124,5.14211308305744,6.51175273797047,6.51175273797047,6.82909676220459
"118","Edolisoma mindanense","Black-bibbed Cicadabird","aves",FALSE,TRUE,"Decreasing","VU","A2c+3c+4c",3.521676234,1286.2922444685,3.50389048801824,3.31964514665019,3.31964514665019,4.90109037786124,4.64516206143737,4.64516206143737,6.51175273797047,6.17448375391921,6.17448375391921
"119","Edolisoma ostentum","White-winged Cicadabird","aves",FALSE,TRUE,"Decreasing","VU","A2c+3c+4c",3.682991518,1345.2126519495,3.50389048801824,3.17657926113871,3.17657926113871,4.90109037786124,4.44629696328008,4.44629696328008,6.51175273797047,5.91220159842395,5.91220159842395
"120","Emberiza aureola","Yellow-breasted Bunting","aves",TRUE,TRUE,"Decreasing","CR","A2acd+3cd+4acd",2.096299556,765.673412829,14.8660077479215,14.8660077479215,22.5794000291285,20.1786754970349,20.1786754970349,30.1190235956075,36.9042655519807,36.9042655519807,51.9183577131513
"121","Emberiza jankowskii","Jankowski's Bunting","aves",FALSE,TRUE,"Decreasing","EN","A2bc+3bc+4bc",2.11569601,772.7579676525,6.69670084631926,6.69670084631926,10.3455290741739,9.8381456326306,9.8381456326306,15.0550972810344,14.449622653224,14.449622653224,21.7987110586191
"122","Emberiza rustica","Rustic Bunting","aves",TRUE,TRUE,"Decreasing","VU","A2abcd+3bcd+4abcd",2.054755055,750.49928383875,3.50389048801824,3.50389048801824,5.62195493420353,4.90109037786124,4.90109037786124,7.82881057602576,6.51175273797047,6.51175273797047,10.3478987421927
"123","Erythrura viridifacies","Green-faced Parrotfinch","aves",FALSE,TRUE,"Decreasing","VU","A2cd+3cd+4cd",2.28874092,835.96262103,3.50389048801824,3.50389048801824,5.0620163416856,4.90109037786124,4.90109037786124,7.0574149917304,6.51175273797047,6.51175273797047,9.34111380298208
"124","Eudyptes chrysocome","Southern Rockhopper Penguin","aves",TRUE,TRUE,"Decreasing","VU","A2abcde+3bcde+4abcde",11.52822865,4210.6855144125,3.50389048801824,1.02600914350102,1.02600914350102,4.90109037786124,1.44252719553934,1.44252719553934,6.51175273797047,1.92811369179454,1.92811369179454
"125","Eudyptes chrysolophus","Macaroni Penguin","aves",TRUE,TRUE,"Decreasing","VU","A2bce+3bce+4bce",11.40414353,4165.3634243325,3.50389048801824,1.03711475588651,1.03711475588651,4.90109037786124,1.45810792075294,1.45810792075294,6.51175273797047,1.94888716308541,1.94888716308541
"126","Eudyptes moseleyi","Northern Rockhopper Penguin","aves",TRUE,TRUE,"Decreasing","EN","A2acde+3cde+4acde",8.148985059,2976.41679279975,6.69670084631926,2.79549314974673,2.79549314974673,9.8381456326306,4.14778781096541,4.14778781096541,14.449622653224,6.18431473843406,6.18431473843406
"127","Eudyptes pachyrhynchus","Fiordland Penguin","aves",FALSE,TRUE,"Decreasing","VU","A2bce+3bce+4bce; C2a(i)",9.876622664,3607.436428026,3.50389048801824,1.19655194666926,1.19655194666926,4.90109037786124,1.68171301807647,1.68171301807647,6.51175273797047,2.24689235415243,2.24689235415243
"128","Eudyptes sclateri","Erect-crested Penguin","aves",TRUE,TRUE,"Decreasing","EN","A2b; B2ab(ii,v)",10.21509391,3731.0630506275,6.69670084631926,2.23645197948581,2.23645197948581,9.8381456326306,3.32297030529448,3.32297030529448,14.449622653224,4.96511963704435,4.96511963704435
"129","Eulidia yarrellii","Chilean Woodstar","aves",FALSE,TRUE,"Decreasing","CR","A2ace+4ace",1.843616096,673.380779064,14.8660077479215,14.8660077479215,25.2479059155407,20.1786754970349,20.1786754970349,33.4685451276854,36.9042655519807,36.9042655519807,56.5097587322525
"130","Eulipoa wallacei","Moluccan Scrubfowl","aves",FALSE,TRUE,"Decreasing","VU","A2cde+3cde+4cde",6.938448549,2534.26833252225,3.50389048801824,1.69892195294078,1.69892195294078,4.90109037786124,2.38530417616132,2.38530417616132,6.51175273797047,3.18308531737733,3.18308531737733
"131","Euphagus carolinus","Rusty Blackbird","aves",TRUE,TRUE,"Decreasing","VU","A2cde+3cde+4cde",2.373692921,866.99133939525,3.50389048801824,3.50389048801824,4.88535254626424,4.90109037786124,4.90109037786124,6.81364845499702,6.51175273797047,6.51175273797047,9.0223703582614
"132","Eupherusa poliocerca","White-tailed Hummingbird","aves",FALSE,TRUE,"Decreasing","VU","A2c+3c+4c;B1ab(i,ii,iii,v)",1.929411825,704.71766908125,3.50389048801824,3.50389048801824,5.97605191305654,4.90109037786124,4.90109037786124,8.31566548317583,6.51175273797047,6.51175273797047,10.9818449778928
"133","Falco cherrug","Saker Falcon","aves",TRUE,TRUE,"Decreasing","EN","A2bcde+3cde+4bcde",5.195702924,1897.730492991,6.69670084631926,4.34949966538162,4.34949966538162,9.8381456326306,6.42827425918738,6.42827425918738,14.449622653224,9.52750110588951,9.52750110588951
"134","Ficedula basilanica","Little Slaty Flycatcher","aves",FALSE,TRUE,"Decreasing","VU","A2c+3c+4c;C2a(i)",3.261218576,1191.160084884,3.50389048801824,3.50389048801824,3.57996784038631,4.90109037786124,4.90109037786124,5.0067083304808,6.51175273797047,6.51175273797047,6.65084895723266
"135","Ficedula bonthaina","Lompobattang Flycatcher","aves",FALSE,TRUE,"Decreasing","EN","A2c+3c+4c;B1ab(ii,iii,v)",2.940232783,1073.92002399075,6.69670084631926,6.69670084631926,7.5573647919249,9.8381456326306,9.8381456326306,11.0779391070998,14.449622653224,14.449622653224,16.2161719807149
"136","Ficedula platenae","Palawan Flycatcher","aves",FALSE,TRUE,"Decreasing","VU","A2c+3c+4c;B1ab(i,ii,iii,iv,v)",2.466692999,900.95961788475,3.50389048801824,3.50389048801824,4.70556791950961,4.90109037786124,4.90109037786124,6.56538554050307,6.51175273797047,6.51175273797047,8.69745611387343
"137","Francolinus gularis","Swamp Francolin","aves",FALSE,TRUE,"Decreasing","VU","A2cd+3cd+4cd",4.52806484,1653.87568281,3.50389048801824,2.59149057593822,2.59149057593822,4.90109037786124,3.63175951296092,3.63175951296092,6.51175273797047,4.83597797406107,4.83597797406107
"138","Gallicolumba crinigera","Mindanao Bleeding-heart","aves",FALSE,TRUE,"Decreasing","VU","A2cd+3cd+4cd;C2a(i)",5.8717458,2144.65515345,3.50389048801824,2.00444757827191,2.00444757827191,4.90109037786124,2.81248816835528,2.81248816835528,6.51175273797047,3.75037600969931,3.75037600969931
"139","Garrulax bicolor","Sumatran Laughingthrush","aves",FALSE,TRUE,"Decreasing","EN","A2cd+3cd+4cd",3.780613793,1380.86918789325,6.69670084631926,5.92841644322903,5.92841644322903,9.8381456326306,8.72664036074803,8.72664036074803,14.449622653224,12.8553596202844,12.8553596202844
"140","Geokichla cinerea","Ashy Thrush","aves",FALSE,TRUE,"Decreasing","VU","A2cd+3cd+4cd",3.254958979,1188.87376707975,3.50389048801824,3.50389048801824,3.58672749244132,4.90109037786124,4.90109037786124,5.01609108654755,6.51175273797047,6.51175273797047,6.66320327239127
"141","Geophaps smithii","Partridge Pigeon","aves",FALSE,TRUE,"Decreasing","VU","A2bce+3ce+4ce",4.884973291,1784.23649453775,3.50389048801824,2.40444524070941,2.40444524070941,4.90109037786124,3.37093946669629,3.37093946669629,6.51175273797047,4.4907090115327,4.4907090115327
"142","Geositta poeciloptera","Campo Miner","aves",FALSE,TRUE,"Decreasing","VU","A2c+3c+4c",2.642328242,965.1103903905,3.50389048801824,3.50389048801824,4.39977702706047,4.90109037786124,4.90109037786124,6.14268176441799,6.51175273797047,6.51175273797047,8.14356705817417
"143","Geospiza pallida","Woodpecker Finch","aves",FALSE,TRUE,"Decreasing","VU","A2bc+3bc+4bc; B1ab(v)",2.928293968,1069.559371812,3.50389048801824,3.50389048801824,3.97878167615402,4.90109037786124,4.90109037786124,5.55982250843376,6.51175273797047,6.51175273797047,7.3784273332094
"144","Geospiza psittacula","Large Tree-finch","aves",FALSE,TRUE,"Decreasing","VU","A2be+3be+4be",2.823921598,1031.4373636695,3.50389048801824,3.50389048801824,4.12276459796636,4.90109037786124,4.90109037786124,5.75928167526015,6.51175273797047,6.51175273797047,7.64044553949482
"145","Geothlypis beldingi","Belding's Yellowthroat","aves",FALSE,TRUE,"Decreasing","VU","A2c+3c+4c; C2a(i)",2.608885006,952.8952484415,3.50389048801824,3.50389048801824,4.45490240752118,4.90109037786124,4.90109037786124,6.21892411358412,6.51175273797047,6.51175273797047,8.24353386870107
"146","Geotrygon caniceps","Grey-headed Quail-dove","aves",FALSE,TRUE,"Decreasing","VU","A2bcde+3bcde+4bcde",5.605697494,2047.4810096835,3.50389048801824,2.09857423841675,2.09857423841675,4.90109037786124,2.94398584409056,2.94398584409056,6.51175273797047,3.92483158314088,3.92483158314088
"147","Glaucidium nubicola","Cloudforest Pygmy-owl","aves",FALSE,TRUE,"Decreasing","VU","A2c+3c+4c",3.050642434,1114.2471490185,3.50389048801824,3.50389048801824,3.82229954787381,4.90109037786124,4.90109037786124,5.34290949479224,6.51175273797047,6.51175273797047,7.09326741254037
"148","Goura cristata","Western Crowned-pigeon","aves",FALSE,TRUE,"Decreasing","VU","A2cd+3cd+4cd",9.365100204,3420.602849511,3.50389048801824,1.26149377310351,1.26149377310351,4.90109037786124,1.77274939589099,1.77274939589099,6.51175273797047,2.36815330799696,2.36815330799696
"149","Grallaria bangsi","Santa Marta Antpitta","aves",FALSE,TRUE,"Decreasing","VU","A2c+3c+4c;B1ab(i,ii,iii,v)",3.170863709,1158.15796971225,3.50389048801824,3.50389048801824,3.68008006845387,4.90109037786124,4.90109037786124,5.145641905564,6.51175273797047,6.51175273797047,6.83374097418031
"150","Grallaria excelsa","Great Antpitta","aves",FALSE,TRUE,"Decreasing","VU","A2c+3c+4c;B1ab(i,ii,iii,v);C2a(i)",4.119886837,1504.78866721425,3.50389048801824,2.84455736679051,2.84455736679051,4.90109037786124,3.98431539331899,3.98431539331899,6.51175273797047,5.30218046474925,5.30218046474925
"151","Guaruba guarouba","Golden Parakeet","aves",FALSE,TRUE,"Decreasing","VU","A2cd+3cd+4cd; C2a(ii)",6.036553434,2204.8511417685,3.50389048801824,1.95026011908688,1.95026011908688,4.90109037786124,2.73676328334461,2.73676328334461,6.51175273797047,3.6498767635687,3.6498767635687
"152","Gubernatrix cristata","Yellow Cardinal","aves",FALSE,TRUE,"Decreasing","EN","A2cd+3cd+4cd",2.569168037,938.38862551425,6.69670084631926,6.69670084631926,8.60061815694763,9.8381456326306,9.8381456326306,12.5731223636534,14.449622653224,14.449622653224,18.3300607756987
"153","Gymnorhinus cyanocephalus","Pinyon Jay","aves",TRUE,TRUE,"Decreasing","VU","A2bc+3bc+4bc",4.625597206,1689.4993794915,3.50389048801824,2.53754736674192,2.53754736674192,4.90109037786124,3.55656093605867,3.55656093605867,6.51175273797047,4.73646397700493,4.73646397700493
"154","Gyps africanus","White-backed Vulture","aves",TRUE,TRUE,"Decreasing","CR","A2bcd+3bcd+4bcd",11.79299917,4307.3929468425,14.8660077479215,4.44721201035725,4.44721201035725,20.1786754970349,6.17176088220655,6.17176088220655,36.9042655519807,12.205100563572,12.205100563572
"155","Gyps bengalensis","White-rumped Vulture","aves",TRUE,TRUE,"Decreasing","CR","A2bce+4bce",11.24871586,4108.593467865,14.8660077479215,4.6573072688841,4.6573072688841,20.1786754970349,6.46053305818833,6.46053305818833,36.9042655519807,12.756320073623,12.756320073623
"156","Gyps coprotheres","Cape Vulture","aves",TRUE,TRUE,"Decreasing","EN","A2acde+3cde",12.865244,4699.030371,6.69670084631926,1.77988618364392,1.77988618364392,9.8381456326306,2.64761484936521,2.64761484936521,14.449622653224,3.9629143049461,3.9629143049461
"157","Gyps indicus","Indian Vulture","aves",TRUE,TRUE,"Decreasing","CR","A2bce+4bce",11.85857877,4331.3458957425,14.8660077479215,4.4231704407414,4.4231704407414,20.1786754970349,6.13869995242594,6.13869995242594,36.9042655519807,12.1418794867411,12.1418794867411
"158","Gyps rueppelli","RÃ¼ppell's Vulture","aves",FALSE,TRUE,"Decreasing","CR","A2abcd+3bcd",13.18212163,4814.7699253575,14.8660077479215,3.98804712006482,3.98804712006482,20.1786754970349,5.53976214678756,5.53976214678756,36.9042655519807,10.9925310254733,10.9925310254733
"159","Gyps tenuirostris","Slender-billed Vulture","aves",TRUE,TRUE,"Decreasing","CR","A2ce+4ce",11.85857877,4331.3458957425,14.8660077479215,4.4231704407414,4.4231704407414,20.1786754970349,6.13869995242594,6.13869995242594,36.9042655519807,12.1418794867411,12.1418794867411
"160","Hapalopsittaca pyrrhops","Red-faced Parrot","aves",FALSE,TRUE,"Decreasing","VU","A2c+3c+4c;B1ab(v);C2a(i)",3.893299003,1422.02746084575,3.50389048801824,3.00759481599426,3.00759481599426,4.90109037786124,4.21124960850772,4.21124960850772,6.51175273797047,5.60195952928285,5.60195952928285
"161","Heliopais personatus","Masked Finfoot","aves",FALSE,TRUE,"Decreasing","EN","A2cd+3cd+4cd; C2a(i)",4.191384247,1530.90309621675,6.69670084631926,5.36329303135012,5.36329303135012,9.8381456326306,7.90618564945885,7.90618564945885,14.449622653224,11.6722218279799,11.6722218279799
"162","Hemitriccus furcatus","Fork-tailed Tody-tyrant","aves",FALSE,TRUE,"Decreasing","VU","A2c+3c+4c;B1ab(i,ii,iii,v);C2a(i)",2.188139329,799.21788991725,3.50389048801824,3.50389048801824,5.28848394752321,4.90109037786124,4.90109037786124,7.36963124585431,6.51175273797047,6.51175273797047,9.74894555880486
"163","Henicopernis infuscatus","Black Honey-buzzard","aves",FALSE,TRUE,"Decreasing","VU","A2c; C1+2a(ii)",6.306908787,2303.59843445175,3.50389048801824,1.86744483233985,1.86744483233985,4.90109037786124,2.62099904820167,2.62099904820167,6.51175273797047,3.49618737269611,3.49618737269611
"164","Hesperiphona vespertina","Evening Grosbeak","aves",TRUE,TRUE,"Decreasing","VU","A2ac+3c+4ac",3.098212161,1131.62199180525,3.50389048801824,3.50389048801824,3.76473118519928,4.90109037786124,4.90109037786124,5.26307282286662,6.51175273797047,6.51175273797047,6.9882559263436
"165","Heteromirafra ruddi","Rudd's Lark","aves",FALSE,TRUE,"Decreasing","EN","A2c+3c+4c",3.092997504,1129.717338336,6.69670084631926,6.69670084631926,7.19787929491358,9.8381456326306,9.8381456326306,10.5607877774949,14.449622653224,14.449622653224,15.4808042287636
"166","Hydrobates homochroa","Ashy Storm-petrel","aves",TRUE,TRUE,"Decreasing","EN","A2ce+3ce",10.28806352,3757.71520068,6.69670084631926,2.22076706982876,2.22076706982876,9.8381456326306,3.29979487101012,3.29979487101012,14.449622653224,4.9307866864524,4.9307866864524
"167","Hydrornis baudii","Blue-headed Pitta","aves",FALSE,TRUE,"Decreasing","VU","A2c+3c+4c",3.837417292,1401.616665903,3.50389048801824,3.05071746414701,3.05071746414701,4.90109037786124,4.27124658461702,4.27124658461702,6.51175273797047,5.68117494365364,5.68117494365364
"168","Hypocnemis ochrogyna","Rondonia Antwarbler","aves",FALSE,TRUE,"Decreasing","VU","A2c",2.393893868,874.369735287,3.50389048801824,3.50389048801824,4.84514266089814,4.90109037786124,4.90109037786124,6.75813964472051,6.51175273797047,6.51175273797047,8.94974867789091
"169","Lanius meridionalis","Iberian Grey Shrike","aves",FALSE,TRUE,"Decreasing","VU","A2abc+3bc+4abc",1.919442,701.0761905,3.50389048801824,3.50389048801824,6.00614092568441,4.90109037786124,4.90109037786124,8.35700094706017,6.51175273797047,6.51175273797047,11.0356163465355
"170","Larus bulleri","Black-billed Gull","aves",FALSE,TRUE,"Decreasing","EN","A2ce+3ce+4ce",7.497637956,2738.512263429,6.69670084631926,3.0346266125082,3.0346266125082,9.8381456326306,4.49989447805001,4.49989447805001,14.449622653224,6.7031624192747,6.7031624192747
"171","Laterallus jamaicensis","Black Rail","aves",FALSE,TRUE,"Decreasing","EN","A2ace+3ce+4ace",1.776870411,649.00191761775,6.69670084631926,6.69670084631926,12.1932196696499,9.8381456326306,9.8381456326306,17.6573666878895,14.449622653224,14.449622653224,25.3806912056504
"172","Lathrotriccus griseipectus","Grey-breasted Flycatcher","aves",FALSE,TRUE,"Decreasing","VU","A2c+3c+4c;B1ab(i,ii,iii,iv,v);C2a(i)",2.394502251,874.59194717775,3.50389048801824,3.50389048801824,4.84394194025378,4.90109037786124,4.90109037786124,6.7564819303211,6.51175273797047,6.51175273797047,8.94757967891682
"173","Laticilla cinerascens","Swamp Grass-babbler","aves",FALSE,TRUE,"Decreasing","EN","A2c+3c+4c; C2a(i)",2.534393376,925.687180584,6.69670084631926,6.69670084631926,8.71333165064947,9.8381456326306,9.8381456326306,12.7341600641817,14.449622653224,14.449622653224,18.5566499077749
"174","Leipoa ocellata","Malleefowl","aves",TRUE,TRUE,"Decreasing","VU","A2bce+3ce+4bce",9.399378425,3433.12296973125,3.50389048801824,1.25692231584111,1.25692231584111,4.90109037786124,1.76634186284105,1.76634186284105,6.51175273797047,2.35961968817279,2.35961968817279
"175","Leistes defilippii","Pampas Meadowlark","aves",FALSE,TRUE,"Decreasing","VU","A2ce+3ce+4ce",2.982121494,1089.2198756835,3.50389048801824,3.50389048801824,3.90838662662877,4.90109037786124,4.90109037786124,5.46225989405013,6.51175273797047,6.51175273797047,7.25019630641727
"176","Leptoptilos dubius","Greater Adjutant","aves",TRUE,TRUE,"Decreasing","EN","A2bcd+3bcd+4bcd;C2a(ii)",12.95800257,4732.9104386925,6.69670084631926,1.76725830174503,1.76725830174503,9.8381456326306,2.62891350742648,2.62891350742648,14.449622653224,3.93511183246085,3.93511183246085
"177","Leptoptilos javanicus","Lesser Adjutant","aves",TRUE,TRUE,"Decreasing","VU","A2cd+3cd+4cd",11.1882499,4086.508275975,3.50389048801824,1.05702126046796,1.05702126046796,4.90109037786124,1.48603415253108,1.48603415253108,6.51175273797047,1.98611785900571,1.98611785900571
"178","Leptosittaca branickii","Golden-plumed Parakeet","aves",FALSE,TRUE,"Decreasing","VU","A2cd+3cd+4cd",2.988376883,1091.50465651575,3.50389048801824,3.50389048801824,3.90036710293439,4.90109037786124,4.90109037786124,5.45114354024378,6.51175273797047,6.51175273797047,7.23558271610014
"179","Leptotila ochraceiventris","Ochre-bellied Dove","aves",FALSE,TRUE,"Decreasing","VU","A2c+3c+4c;B1ab(i,ii,iii,iv,v);C2a(i)",3.314371817,1210.57430615925,3.50389048801824,3.50389048801824,3.5235788657896,4.90109037786124,4.90109037786124,4.92842695866973,6.51175273797047,6.51175273797047,6.54775937487879
"180","Leucocarbo onslowi","Chatham Shag","aves",FALSE,TRUE,"Decreasing","CR","A2bcde+3bcde+4bcde",8.62267579,3149.4323322975,14.8660077479215,6.03212946292748,6.03212946292748,20.1786754970349,8.34390069947958,8.34390069947958,36.9042655519807,16.3078972606355,16.3078972606355
"181","Leucosticte atrata","Black Rosy-finch","aves",FALSE,TRUE,"Decreasing","EN","A2ac+3c+4ac",2.263630486,826.7910350115,6.69670084631926,6.69670084631926,9.70337764540266,9.8381456326306,9.8381456326306,14.1444461709738,14.449622653224,14.449622653224,20.531928141975
"182","Leucosticte australis","Brown-capped Rosy-finch","aves",FALSE,TRUE,"Decreasing","EN","A2ac+3c+4ac",2.036160758,743.7077168595,6.69670084631926,6.69670084631926,10.7271608394973,9.8381456326306,9.8381456326306,15.5947755130606,14.449622653224,14.449622653224,22.546205454609
"183","Lobotos lobatus","Western Wattled Cuckooshrike","aves",FALSE,TRUE,"Decreasing","VU","A2c+3c+4c",3.123305567,1140.78735834675,3.50389048801824,3.50389048801824,3.73505647102664,4.90109037786124,4.90109037786124,5.22191185318411,6.51175273797047,6.51175273797047,6.93410395613643
"184","Lophura bulweri","Bulwer's Pheasant","aves",FALSE,TRUE,"Decreasing","VU","A2cd+3cd+4cd;C2a(i)",8.411951288,3072.465207942,3.50389048801824,1.40342473835698,1.40342473835698,4.90109037786124,1.97162501379773,1.97162501379773,6.51175273797047,2.63292382727254,2.63292382727254
"185","Lophura erythrophthalma","Malay Crestless Fireback","aves",FALSE,TRUE,"Decreasing","VU","A2cd+3cd+4cd",5.648806192,2063.226461628,3.50389048801824,2.08272698202083,2.08272698202083,4.90109037786124,2.92185038483724,2.92185038483724,6.51175273797047,3.89547049289394,3.89547049289394
"186","Lophura pyronota","Bornean Crestless Fireback","aves",FALSE,TRUE,"Decreasing","VU","A2cd+3cd+4cd",3.045870506,1112.5042023165,3.50389048801824,3.50389048801824,3.82817178544563,4.90109037786124,4.90109037786124,5.3510521041926,6.51175273797047,6.51175273797047,7.10397593109465
"187","Lorius garrulus","Chattering Lory","aves",FALSE,TRUE,"Decreasing","VU","A2cd+3cd+4cd",8.951025665,3269.36212414125,3.50389048801824,1.31946382322534,1.31946382322534,4.90109037786124,1.85399195850696,1.85399195850696,6.51175273797047,2.47633659443158,2.47633659443158
"188","Machlolophus nuchalis","White-naped Tit","aves",TRUE,TRUE,"Decreasing","VU","A2ce+3ce+4ce;C2a(i)",2.454044442,896.3397324405,3.50389048801824,3.50389048801824,4.7292384715774,4.90109037786124,4.90109037786124,6.59808294237453,6.51175273797047,6.51175273797047,8.74026565744204
"189","Macrocephalon maleo","Maleo","aves",FALSE,TRUE,"Decreasing","EN","A2bcde+3bcde+4bcde",9.597014666,3505.3096067565,6.69670084631926,2.37876037384734,2.37876037384734,9.8381456326306,3.53315588487186,3.53315588487186,14.449622653224,5.27630581405438,5.27630581405438
"190","Malimbus ballmanni","Gola Malimbe","aves",FALSE,TRUE,"Decreasing","EN","A2c+3c+4c",3.616548194,1320.9442278585,6.69670084631926,6.18886486223067,6.18886486223067,9.8381456326306,9.10394514444905,9.10394514444905,14.449622653224,13.3976482287629,13.3976482287629
"191","Marmaronetta angustirostris","Marbled Teal","aves",TRUE,TRUE,"Decreasing","VU","A2cd+3cd+4cd",2.941434772,1074.359050473,3.50389048801824,3.50389048801824,3.96136336720736,4.90109037786124,4.90109037786124,5.53568467294668,6.51175273797047,6.51175273797047,7.34670605720175
"192","Megadyptes antipodes","Yellow-eyed Penguin","aves",TRUE,TRUE,"Decreasing","EN","A2ade; B2ab(ii,iii,v)c(iv)",9.872478642,3605.9228239905,6.69670084631926,2.31316142937646,2.31316142937646,9.8381456326306,3.43628684587663,3.43628684587663,14.449622653224,5.13293089611692,5.13293089611692
"193","Megapodius bernsteinii","Sula Scrubfowl","aves",FALSE,TRUE,"Decreasing","VU","A2cde+3cde+4cde",7.446814413,2719.94896434825,3.50389048801824,1.58386651781758,1.58386651781758,4.90109037786124,2.22429352656806,2.22429352656806,6.51175273797047,2.96904754157573,2.96904754157573
"194","Melaenornis annamarulae","Nimba Flycatcher","aves",FALSE,TRUE,"Decreasing","VU","A2c+3c+4c",3.117743507,1138.75581593175,3.50389048801824,3.50389048801824,3.74159357769736,4.90109037786124,4.90109037786124,5.2309797374697,6.51175273797047,6.51175273797047,6.9460344832484
"195","Melanitta fusca","Velvet Scoter","aves",TRUE,TRUE,"Decreasing","VU","A2abcde+3cde+4bcde",5.778288318,2110.5198081495,3.50389048801824,2.03653495569565,2.03653495569565,4.90109037786124,2.85732097081489,2.85732097081489,6.51175273797047,3.80986389298925,3.80986389298925
"196","Melanoperdix niger","Black Partridge","aves",FALSE,TRUE,"Decreasing","VU","A2c+3c+4c",4.379547199,1599.62961443475,3.50389048801824,2.67818498769179,2.67818498769179,4.90109037786124,3.75257865017211,3.75257865017211,6.51175273797047,4.99580864379243,4.99580864379243
"197","Mesitornis unicolor","Brown Mesite","aves",FALSE,TRUE,"Decreasing","VU","A2cde+3cde+4cde; C1+2a(i)",5.212265629,1903.78002099225,3.50389048801824,2.25517941445124,2.25517941445124,4.90109037786124,3.16265326549178,3.16265326549178,6.51175273797047,4.21475579028986,4.21475579028986
"198","Mesitornis variegatus","White-breasted Mesite","aves",FALSE,TRUE,"Decreasing","VU","A2cd+3cd+4cd",4.492005337,1640.70494933925,3.50389048801824,2.61201964767102,2.61201964767102,4.90109037786124,3.66037322968354,3.66037322968354,6.51175273797047,4.87383698986116,4.87383698986116
"199","Micrastur plumbeus","Plumbeous Forest-falcon","aves",FALSE,TRUE,"Decreasing","VU","A2c+3c+4c",5.826565263,2128.15296231075,3.50389048801824,2.01983249486944,2.01983249486944,4.90109037786124,2.83398487586596,2.83398487586596,6.51175273797047,3.77890078968699,3.77890078968699
"200","Morus capensis","Cape Gannet","aves",TRUE,TRUE,"Decreasing","EN","A2acde+3cde+4acde",12.36914021,4517.8284617025,6.69670084631926,1.85060960147083,1.85060960147083,9.8381456326306,2.75233118401168,2.75233118401168,14.449622653224,4.11854150003916,4.11854150003916
"201","Mulleripicus fuliginosus","Southern Sooty Woodpecker","aves",FALSE,TRUE,"Decreasing","VU","A2c+3c+4c",2.353423875,859.58807034375,3.50389048801824,3.50389048801824,4.92637425045459,4.90109037786124,4.90109037786124,6.8702680746063,6.51175273797047,6.51175273797047,9.09643015323898
"202","Mulleripicus pulverulentus","Great Slaty Woodpecker","aves",FALSE,TRUE,"Decreasing","VU","A2bc",5.600694906,2045.6538144165,3.50389048801824,2.10042887752617,2.10042887752617,4.90109037786124,2.94657630958162,2.94657630958162,6.51175273797047,3.92826750002088,3.92826750002088
"203","Muscicapa randi","Ashy-breasted Flycatcher","aves",FALSE,TRUE,"Decreasing","VU","A2c+3c+4c",2.5151237,918.648931425,3.50389048801824,3.50389048801824,4.61708351575375,4.90109037786124,4.90109037786124,6.44312788242614,6.51175273797047,6.51175273797047,8.53734340636575
"204","Mycteria cinerea","Milky Stork","aves",TRUE,TRUE,"Decreasing","EN","A2cd+3cd+4cd",9.213421479,3365.20219520475,6.69670084631926,2.47656168418292,2.47656168418292,9.8381456326306,3.67751798940922,3.67751798940922,14.449622653224,5.48983934395256,5.48983934395256
"205","Myrmotherula minor","Salvadori's Antwren","aves",FALSE,TRUE,"Decreasing","VU","A2c+3c+4c;B1ab(i,ii,iii,iv,v);C2a(i)",2.21762026,809.985799965,3.50389048801824,3.50389048801824,5.22004709361862,4.90109037786124,4.90109037786124,7.27531392977289,6.51175273797047,6.51175273797047,9.62579296475201
"206","Necrosyrtes monachus","Hooded Vulture","aves",TRUE,TRUE,"Decreasing","CR","A2acd+3cd+4acd",9.305250101,3398.74259939025,14.8660077479215,5.60229265980391,5.60229265980391,20.1786754970349,7.75624509057382,7.75624509057382,36.9042655519807,15.207809036298,15.207809036298
"207","Neophema chrysogaster","Orange-bellied Parrot","aves",TRUE,TRUE,"Decreasing","CR","A2ace; C2a(i,ii); D",3.352362709,1224.45047946225,14.8660077479215,14.788195284816,14.788195284816,20.1786754970349,20.0764910728332,20.0764910728332,36.9042655519807,36.7391123540584,36.7391123540584
"208","Neophron percnopterus","Egyptian Vulture","aves",TRUE,TRUE,"Decreasing","EN","A2bcde+3bcde",15.12869181,5525.7546836025,6.69670084631926,1.5156213892369,1.5156213892369,9.8381456326306,2.25600263566647,2.25600263566647,14.449622653224,3.38015659165984,3.38015659165984
"209","Nestor meridionalis","New Zealand Kaka","aves",TRUE,TRUE,"Decreasing","EN","A2ce+3be+4be",6.919194422,2527.2357626355,6.69670084631926,3.28411052715014,3.28411052715014,9.8381456326306,4.86678438282457,4.86678438282457,14.449622653224,7.24276321114981,7.24276321114981
"210","Nestor notabilis","Kea","aves",FALSE,TRUE,"Decreasing","EN","A2be+4be",7.876239563,2876.79650038575,6.69670084631926,2.89088528514673,2.89088528514673,9.8381456326306,4.28829718146259,4.28829718146259,14.449622653224,6.3914787406738,6.3914787406738
"211","Ninox odiosa","New Britain Boobook","aves",FALSE,TRUE,"Decreasing","VU","A2c",4.766693176,1741.034682534,3.50389048801824,2.46336793488964,2.46336793488964,4.90109037786124,3.45312461458132,3.45312461458132,6.51175273797047,4.59953848179044,4.59953848179044
"212","Nisaetus nanus","Wallace's Hawk-eagle","aves",FALSE,TRUE,"Decreasing","VU","A2c+3c+4c",6.970739187,2546.06248805175,3.50389048801824,1.69111894077761,1.69111894077761,4.90109037786124,2.37438693506979,2.37438693506979,6.51175273797047,3.16857639040274,3.16857639040274
"213","Nisaetus philippensis","North Philippine Hawk-eagle","aves",FALSE,TRUE,"Decreasing","EN","A2cd+3cd+4cd",6.903896044,2521.648030071,6.69670084631926,3.29126671247689,3.29126671247689,9.8381456326306,4.87730134443624,4.87730134443624,14.449622653224,7.25821543075313,7.25821543075313
"214","Nisaetus pinskeri","South Philippine Hawk-eagle","aves",FALSE,TRUE,"Decreasing","EN","A2cd+3cd+4cd",7.856267616,2869.501746744,6.69670084631926,2.89812686337656,2.89812686337656,9.8381456326306,4.29896099580913,4.29896099580913,14.449622653224,6.40719494907226,6.40719494907226
"215","Numenius madagascariensis","Far Eastern Curlew","aves",TRUE,TRUE,"Decreasing","EN","A2bc+3bc+4bc",6.849207217,2501.67293600925,6.69670084631926,3.31710572640104,3.31710572640104,9.8381456326306,4.91527199486806,4.91527199486806,14.449622653224,7.31399722791577,7.31399722791577
"216","Onychoprion aleuticus","Aleutian Tern","aves",FALSE,TRUE,"Decreasing","VU","A2bcde+3cde+4bcde",8.94876682,3268.537081005,3.50389048801824,1.31979467430513,1.31979467430513,4.90109037786124,1.85445557624353,1.85445557624353,6.51175273797047,2.47695386442562,2.47695386442562
"217","Onychorhynchus occidentalis","Pacific Royal Flycatcher","aves",FALSE,TRUE,"Decreasing","VU","A2c+3c+4c;B1ab(i,ii,iii,iv,v);C2a(i)",2.45610189,897.0912153225,3.50389048801824,3.50389048801824,4.72537195513623,4.90109037786124,4.90109037786124,6.59274214301793,6.51175273797047,6.51175273797047,8.73327348711883
"218","Otus gurneyi","Giant Scops-owl","aves",FALSE,TRUE,"Decreasing","VU","A2c+3c+4c; C2a(i)",2.96169757,1081.7600374425,3.50389048801824,3.50389048801824,3.93480160604801,4.90109037786124,4.90109037786124,5.49887263481872,6.51175273797047,6.51175273797047,7.29832338937223
"219","Otus sagittatus","White-fronted Scops-owl","aves",FALSE,TRUE,"Decreasing","VU","A2c+3c+4c;C2a(i)",2.401159831,877.02362827275,3.50389048801824,3.50389048801824,4.83084114200074,4.90109037786124,4.90109037786124,6.73839441815995,6.51175273797047,6.51175273797047,8.92391263032586
"220","Oxyura leucocephala","White-headed Duck","aves",TRUE,TRUE,"Decreasing","EN","A2bcde+4bcde",4.60534982,1682.104021755,6.69670084631926,4.89319939702041,4.89319939702041,9.8381456326306,7.2218491393333,7.2218491393333,14.449622653224,10.6812759864563,10.6812759864563
"221","Pachyramphus spodiurus","Slaty Becard","aves",FALSE,TRUE,"Decreasing","VU","A2c+3c+4c",2.550538793,931.58429414325,3.50389048801824,3.50389048801824,4.55445651916234,4.90109037786124,4.90109037786124,6.35656900493363,6.51175273797047,6.51175273797047,8.42393999708944
"222","Paradoxornis flavirostris","Black-breasted Parrotbill","aves",FALSE,TRUE,"Decreasing","VU","A2c+3c+4c",3.000553731,1095.95225024775,3.50389048801824,3.50389048801824,3.88485015710434,4.90109037786124,4.90109037786124,5.42963347254904,6.51175273797047,6.51175273797047,7.20730386154845
"223","Pardalotus quadragintus","Forty-spotted Pardalote","aves",FALSE,TRUE,"Decreasing","EN","A2ac;B1ab(ii,iii,iv,v)+2ab(ii,iii,iv,v);C1",2.070913924,756.401310741,6.69670084631926,6.69670084631926,10.5570008753396,9.8381456326306,9.8381456326306,15.3542871498664,14.449622653224,14.449622653224,22.2134095686342
"224","Pauxi unicornis","Horned Curassow","aves",FALSE,TRUE,"Decreasing","CR","A2bcd+3cd+4bcd",10.83130442,3956.133939405,14.8660077479215,4.83238140029152,4.83238140029152,20.1786754970349,6.70097481895587,6.70097481895587,36.9042655519807,13.2139322399549,13.2139322399549
"225","Pavo muticus","Green Peafowl","aves",TRUE,TRUE,"Decreasing","EN","A2cd+3cd+4cd",7.936147097,2898.67772717925,6.69670084631926,2.86937901463276,2.86937901463276,9.8381456326306,4.25662512851229,4.25662512851229,14.449622653224,6.34479559559211,6.34479559559211
"226","Pedionomus torquatus","Plains-wanderer","aves",FALSE,TRUE,"Decreasing","CR","A2ac",3.023908919,1104.48273266475,14.8660077479215,14.8660077479215,16.2565745832831,20.1786754970349,20.1786754970349,21.9984640779996,36.9042655519807,36.9042655519807,39.8085499424194
"227","Pellorneum palustre","Marsh Babbler","aves",FALSE,TRUE,"Decreasing","VU","A2c+3c+4c",2.552525382,932.3098957755,3.50389048801824,3.50389048801824,4.55099377102969,4.90109037786124,4.90109037786124,6.35178234657189,6.51175273797047,6.51175273797047,8.41766781082539
"228","Penelope jacucaca","White-browed Guan","aves",FALSE,TRUE,"Decreasing","VU","A2cd+3cd+4cd",6.91012512,2523.92320008,3.50389048801824,1.70582581210936,1.70582581210936,4.90109037786124,2.3949631114432,2.3949631114432,6.51175273797047,3.19592150602311,3.19592150602311
"229","Penelope ortoni","Baudo Guan","aves",FALSE,TRUE,"Decreasing","EN","A2cd+3cd+4cd",6.845446769,2500.29943237725,6.69670084631926,3.31889735220793,3.31889735220793,9.8381456326306,4.91790461834005,4.91790461834005,14.449622653224,7.31786433512598,7.31786433512598
"230","Penelopides panini","Visayan Hornbill","aves",FALSE,TRUE,"Decreasing","EN","A2cd+4cd;C2a(i)",9.586000941,3501.28684370025,6.69670084631926,2.38146061853735,2.38146061853735,9.8381456326306,3.53714260921409,3.53714260921409,14.449622653224,5.28220496272398,5.28220496272398
"231","Penelopina nigra","Highland Guan","aves",FALSE,TRUE,"Decreasing","VU","A2cd+3cd+4cd",7.045563915,2573.39221995375,3.50389048801824,1.67331016821629,1.67331016821629,4.90109037786124,2.34946924741767,2.34946924741767,6.51175273797047,3.13545891488722,3.13545891488722
"232","Phalacrocorax capensis","Cape Cormorant","aves",TRUE,TRUE,"Decreasing","EN","A2bc+3bc+4bc",6.524920239,2383.22711729475,6.69670084631926,3.4790642604635,3.4790642604635,9.8381456326306,5.15315720542651,5.15315720542651,14.449622653224,7.66321179262964,7.66321179262964
"233","Phalacrocorax featherstoni","Pitt Shag","aves",FALSE,TRUE,"Decreasing","EN","A2bde+3bde+4bde; C1+2a(ii)",6.541967199,2389.45351943475,6.69670084631926,3.47015771807399,3.47015771807399,9.8381456326306,5.1400803688244,5.1400803688244,14.449622653224,7.64402656811188,7.64402656811188
"234","Phalacrocorax neglectus","Bank Cormorant","aves",TRUE,TRUE,"Decreasing","EN","A2ace+3ce+4ace",7.862541059,2871.79312179975,6.69670084631926,2.89584828657912,2.89584828657912,9.8381456326306,4.29560564807134,4.29560564807134,14.449622653224,6.40224997142422,6.40224997142422
"235","Phalacrocorax nigrogularis","Socotra Cormorant","aves",TRUE,TRUE,"Decreasing","VU","A2bce+3ce+4bce; B2ab(i,ii,iii,iv,v)",6.647999197,2428.18170670425,3.50389048801824,1.77248575306724,1.77248575306724,4.90109037786124,2.48821030927318,2.48821030927318,6.51175273797047,3.31981964503802,3.31981964503802
"236","Phapitreron brunneiceps","Dark-eared Brown-dove","aves",FALSE,TRUE,"Decreasing","VU","A2cd+3cd+4cd;C2a(i)",3.687207068,1346.752381587,3.50389048801824,3.17300574472087,3.17300574472087,4.90109037786124,4.44132814855451,4.44132814855451,6.51175273797047,5.90564587638558,5.90564587638558
"237","Phapitreron cinereiceps","Tawitawi Brown-dove","aves",FALSE,TRUE,"Decreasing","EN","A2cd+3cd+4cd;B1ab(ii,iii,iv,v);C2a(i,ii)",4.054742212,1480.994592933,6.69670084631926,5.53893330201537,5.53893330201537,9.8381456326306,8.16144284925133,8.16144284925133,14.449622653224,12.0408908207137,12.0408908207137
"238","Phoenicoparrus andinus","Andean Flamingo","aves",TRUE,TRUE,"Stable","VU","A2acd+4acd",10.63706359,3885.1874762475,3.50389048801824,1.11148798671209,1.11148798671209,4.90109037786124,1.56243212791566,1.56243212791566,6.51175273797047,2.08795178519552,2.08795178519552
"239","Phoenicurus bicolor","Luzon Water-redstart","aves",FALSE,TRUE,"Decreasing","VU","A2c+3c+4c; D2",2.981250433,1088.90172065325,3.50389048801824,3.50389048801824,3.90950595904116,4.90109037786124,4.90109037786124,5.4638114392102,6.51175273797047,6.51175273797047,7.25223592564589
"240","Phylloscartes roquettei","Minas Gerais Tyrannulet","aves",FALSE,TRUE,"Decreasing","EN","A2c+3c+4c",1.990287715,726.95258790375,6.69670084631926,6.69670084631926,10.9603376622296,9.8381456326306,9.8381456326306,15.9239583641184,14.449622653224,14.449622653224,23.0009608807667
"241","Picathartes gymnocephalus","White-necked Rockfowl","aves",TRUE,TRUE,"Decreasing","VU","A2c+3c+4c; C2a(i)",5.079409499,1855.25431950975,3.50389048801824,2.31347791499613,2.31347791499613,4.90109037786124,3.24401874463485,3.24401874463485,6.51175273797047,4.32257893298688,4.32257893298688
"242","Picoides ramsayi","Sulu Pygmy Woodpecker","aves",FALSE,TRUE,"Decreasing","VU","A2c+3c+4c; B1ab(i,ii,iii,iv,v); C2a(i)",2.599794819,949.57505763975,3.50389048801824,3.50389048801824,4.47012553772246,4.90109037786124,4.90109037786124,6.23997562394182,6.51175273797047,6.51175273797047,8.27113114766652
"243","Pipile jacutinga","Black-fronted Piping-guan","aves",TRUE,TRUE,"Decreasing","EN","A2cd+3cd+4cd",7.381390074,2696.0527245285,6.69670084631926,3.08167426148832,3.08167426148832,9.8381456326306,4.56911826259598,4.56911826259598,14.449622653224,6.80505339645696,6.80505339645696
"244","Pithecophaga jefferyi","Philippine Eagle","aves",FALSE,TRUE,"Decreasing","CR","A2cd; C2a(ii)",18.97738638,6931.490375295,14.8660077479215,2.78735581949956,2.78735581949956,20.1786754970349,3.88140366011498,3.88140366011498,36.9042655519807,7.77036925736047,7.77036925736047
"245","Pitta nympha","Fairy Pitta","aves",FALSE,TRUE,"Decreasing","VU","A2cd+3cd+4cd",2.844189456,1038.840198804,3.50389048801824,3.50389048801824,4.09399533768985,4.90109037786124,4.90109037786124,5.71943747936194,6.51175273797047,6.51175273797047,7.58811952986544
"246","Pitta steerii","Azure-breasted Pitta","aves",FALSE,TRUE,"Decreasing","VU","A2c+3c+4c;C2a(i)",3.583860975,1309.00522111875,3.50389048801824,3.26299513042823,3.26299513042823,4.90109037786124,4.56643152681204,4.56643152681204,6.51175273797047,6.07066866873892,6.07066866873892
"247","Ploceus megarhynchus","Finn's Weaver","aves",FALSE,TRUE,"Decreasing","VU","A2cd+3cd+4cd;C2a(i)",3.513457913,1283.29050272325,3.50389048801824,3.32727948411616,3.32727948411616,4.90109037786124,4.65577059812027,4.65577059812027,6.51175273797047,6.18847007860929,6.18847007860929
"248","Podiceps auritus","Horned Grebe","aves",TRUE,TRUE,"Decreasing","VU","A2abce+3bce+4abce",4.411423392,1611.272393928,3.50389048801824,2.6590924947953,2.6590924947953,4.90109037786124,3.72597473196694,3.72597473196694,6.51175273797047,4.96062038533585,4.96062038533585
"249","Podiceps gallardoi","Hooded Grebe","aves",FALSE,TRUE,"Stable","CR","A2abce+4ace",6.07688591,2219.5825786275,14.8660077479215,8.44972805499135,8.44972805499135,20.1786754970349,11.6290277323182,11.6290277323182,36.9042655519807,22.3225987220221,22.3225987220221
"250","Polemaetus bellicosus","Martial Eagle","aves",TRUE,TRUE,"Decreasing","VU","A2acde+3cde+4acde",11.05819696,4039.00643964,3.50389048801824,1.06938594058286,1.06938594058286,4.90109037786124,1.50337903072297,1.50337903072297,6.51175273797047,2.00923989919448,2.00923989919448
"251","Polyplectron katsumatae","Hainan Peacock-pheasant","aves",FALSE,TRUE,"Decreasing","EN","A2cd+3cd+4cd;C2a(i)",5.631146972,2056.776431523,6.69670084631926,4.02001928605543,4.02001928605543,9.8381456326306,5.94628376783252,5.94628376783252,14.449622653224,8.82430941789659,8.82430941789659
"252","Polyplectron malacense","Malay Peacock-pheasant","aves",FALSE,TRUE,"Decreasing","VU","A2cd+3cd+4cd",7.41233657,2707.3559321925,3.50389048801824,1.59117481074272,1.59117481074272,4.90109037786124,2.23452317386649,2.23452317386649,6.51175273797047,2.98264977974164,2.98264977974164
"253","Polyplectron napoleonis","Palawan Peacock-pheasant","aves",FALSE,TRUE,"Decreasing","VU","A2cd+3cd+4cd",5.990459762,2188.0154280705,3.50389048801824,1.96511800392876,1.96511800392876,4.90109037786124,2.75752830785378,2.75752830785378,6.51175273797047,3.67743797804478,3.67743797804478
"254","Polysticta stelleri","Steller's Eider","aves",TRUE,TRUE,"Decreasing","VU","A2bcd+3bcd+4bcd",7.71950274,2819.548375785,3.50389048801824,1.52834685656885,1.52834685656885,4.90109037786124,2.14657076913112,2.14657076913112,6.51175273797047,2.86568473404538,2.86568473404538
"255","Pomarea whitneyi","Fatu Hiva Monarch","aves",FALSE,TRUE,"Decreasing","CR","A2be+4be; B1ab(ii,v); C2a(i,ii); D",3.492830917,1275.75649243425,14.8660077479215,14.2380207561598,14.2380207561598,20.1786754970349,19.3529292217549,19.3529292217549,36.9042655519807,35.563364722519,35.563364722519
"256","Prinia cinereocapilla","Grey-crowned Prinia","aves",FALSE,TRUE,"Decreasing","VU","A2c+3c+4c",2.240723315,818.42419080375,3.50389048801824,3.50389048801824,5.16764098989614,4.90109037786124,4.90109037786124,7.20307081060578,6.51175273797047,6.51175273797047,9.5314344238128
"257","Prioniturus platenae","Blue-headed Racquet-tail","aves",FALSE,TRUE,"Decreasing","VU","A2cd+3cd+4cd;B1ab(ii,iii,v)",4.075501209,1488.57681658725,3.50389048801824,2.87508733079054,2.87508733079054,4.90109037786124,4.02682235650251,4.02682235650251,6.51175273797047,5.3583503192705,5.3583503192705
"258","Procnias nudicollis","Bare-throated Bellbird","aves",FALSE,TRUE,"Decreasing","VU","A2cd+3cd+4cd",5.754975502,2102.0048021055,3.50389048801824,2.04469982871127,2.04469982871127,4.90109037786124,2.86872805420466,2.86872805420466,6.51175273797047,3.82499826890291,3.82499826890291
"259","Procnias tricarunculatus","Three-wattled Bellbird","aves",FALSE,TRUE,"Decreasing","VU","A2c+3c+4c",5.407613187,1975.13071655175,3.50389048801824,2.17460449682526,2.17460449682526,4.90109037786124,3.05016458502387,3.05016458502387,6.51175273797047,4.065638374484,4.065638374484
"260","Psittacula longicauda","Long-tailed Parakeet","aves",FALSE,TRUE,"Decreasing","VU","A2cd+3cd+4cd",6.73451321,2459.7809499525,3.50389048801824,1.74991616255121,1.74991616255121,4.90109037786124,2.4566417546097,2.4566417546097,6.51175273797047,3.27787881489838,3.27787881489838
"261","Psittacus erithacus","Grey Parrot","aves",TRUE,TRUE,"Decreasing","EN","A2bcd+3bcd+4bcd",11.29886078,4126.908899895,6.69670084631926,2.02412205738466,2.02412205738466,9.8381456326306,3.00908373926229,3.00908373926229,14.449622653224,4.49976219930542,4.49976219930542
"262","Psittacus timneh","Timneh Parrot","aves",FALSE,TRUE,"Decreasing","EN","A2bcd+3bcd+4bcd",11.3389758,4141.56091095,6.69670084631926,2.01703383055852,2.01703383055852,9.8381456326306,2.99859943612433,2.99859943612433,14.449622653224,4.48420533777443,4.48420533777443
"263","Psittrichas fulgidus","Pesquet's Parrot","aves",FALSE,TRUE,"Decreasing","VU","A2bcd+3bcd+4bcd",7.936644383,2898.85936089075,3.50389048801824,1.48684467252741,1.48684467252741,4.90109037786124,2.08845957005879,2.08845957005879,6.51175273797047,2.78838492848047,2.78838492848047
"264","Pterodroma axillaris","Chatham Petrel","aves",FALSE,TRUE,"Increasing","VU","A2be+4be; D2",9.661686759,3528.93108872475,3.50389048801824,1.22300725661438,1.22300725661438,4.90109037786124,1.7188014031047,1.7188014031047,6.51175273797047,2.29629889529636,2.29629889529636
"265","Pterodroma cookii","Cook's Petrel","aves",FALSE,TRUE,"Increasing","VU","A2e; D2",9.262591824,3383.161663716,3.50389048801824,1.2753652213778,1.2753652213778,4.90109037786124,1.79219141704994,1.79219141704994,6.51175273797047,2.39404523787831,2.39404523787831
"266","Pterodroma magentae","Magenta Petrel","aves",FALSE,TRUE,"Increasing","CR","A2ce",14.74783065,5386.6451449125,14.8660077479215,3.57231418499272,3.57231418499272,20.1786754970349,4.96649865484374,4.96649865484374,36.9042655519807,9.88530617619675,9.88530617619675
"267","Pterodroma phaeopygia","Galapagos Petrel","aves",FALSE,TRUE,"Decreasing","CR","A2bce",11.70197473,4274.1462701325,14.8660077479215,4.48101803401433,4.48101803401433,20.1786754970349,6.21824383435734,6.21824383435734,36.9042655519807,12.2939487284683,12.2939487284683
"268","Ptilocichla falcata","Falcated Wren-babbler","aves",FALSE,TRUE,"Decreasing","VU","A2c+3c+4c;B1ab(i,ii,iii,iv,v)",3.063518952,1118.950297218,3.50389048801824,3.50389048801824,3.80654347908451,4.90109037786124,4.90109037786124,5.32106068314345,6.51175273797047,6.51175273797047,7.0645320290212
"269","Ptilocichla leucogrammica","Bornean Wren-babbler","aves",FALSE,TRUE,"Decreasing","VU","A2c+3c+4c",3.392842437,1239.23570011425,3.50389048801824,3.44350424978529,3.44350424978529,4.90109037786124,4.81723210547047,4.81723210547047,6.51175273797047,6.40127607011918,6.40127607011918
"270","Pycnonotus taivanus","Styan's Bulbul","aves",FALSE,TRUE,"Decreasing","VU","A2ce+3ce+4ce",2.57022115,938.7732750375,3.50389048801824,3.50389048801824,4.52037968844146,4.90109037786124,4.90109037786124,6.30946051287206,6.51175273797047,6.51175273797047,8.36220675700493
"271","Pycnonotus xantholaemus","Yellow-throated Bulbul","aves",FALSE,TRUE,"Decreasing","VU","A2ac+3c+4c; C2a(i)",2.722134916,994.259778069,3.50389048801824,3.50389048801824,4.27358278712737,4.90109037786124,4.90109037786124,5.96807841170512,6.51175273797047,6.51175273797047,7.91452810239144
"272","Pycnonotus zeylanicus","Straw-headed Bulbul","aves",FALSE,TRUE,"Decreasing","CR","A2cd+3cd+4cd",6.629564898,2421.4485789945,14.8660077479215,7.77346046627786,7.77346046627786,20.1786754970349,10.7135463585002,10.7135463585002,36.9042655519807,20.669469426173,20.669469426173
"273","Pyriglena atra","Fringe-backed Fire-eye","aves",FALSE,TRUE,"Decreasing","EN","A2c+3c+4c;C2a(i)",3.060079906,1117.6941856665,6.69670084631926,6.69670084631926,7.27242170460413,9.8381456326306,9.8381456326306,10.6681050412773,14.449622653224,14.449622653224,15.633582635518
"274","Pyrrhura calliptera","Brown-breasted Parakeet","aves",FALSE,TRUE,"Decreasing","VU","A2cd+3cd+4cd;B1ab(i,ii,iii,v)",3.650048113,1333.18007327325,3.50389048801824,3.20478501303887,3.20478501303887,4.90109037786124,4.48551316757341,4.48551316757341,6.51175273797047,5.9639383490578,5.9639383490578
"275","Pyrrhura cruentata","Ochre-marked Parakeet","aves",FALSE,TRUE,"Decreasing","VU","A2cd+3cd+4cd;B1ab(i,ii,iii,v);C2a(i)",3.774924824,1378.791291966,3.50389048801824,3.10042988557888,3.10042988557888,4.90109037786124,4.34039843845777,4.34039843845777,6.51175273797047,5.77245682440197,5.77245682440197
"276","Pyrrhura pfrimeri","Goias Parakeet","aves",FALSE,TRUE,"Decreasing","EN","A2c+3c+4c; B1ab(ii,iii,v)",3.498973334,1278.0000102435,6.69670084631926,6.39003897663871,6.39003897663871,9.8381456326306,9.39502678276134,9.39502678276134,14.449622653224,13.8152321228939,13.8152321228939
"277","Ramphastos ariel","Ariel Toucan","aves",FALSE,TRUE,"Decreasing","EN","A2cd",3.184400104,1163.102137986,6.69670084631926,6.69670084631926,6.99868397169264,9.8381456326306,9.8381456326306,10.2738011488169,14.449622653224,14.449622653224,15.0717893819581
"278","Ramphiculus marchei","Flame-breasted Fruit-dove","aves",FALSE,TRUE,"Decreasing","VU","A2cd+3cd+4cd; C2a(i)",5.153242693,1882.22189361825,3.50389048801824,2.28071242611915,2.28071242611915,4.90109037786124,3.19829137176768,3.19829137176768,6.51175273797047,4.26198615355211,4.26198615355211
"279","Ramphocinclus brachyurus","White-breasted Thrasher","aves",FALSE,TRUE,"Decreasing","EN","A2c+3c+4c; B1ab(i,ii,iii,v)",3.656900025,1335.68273413125,6.69670084631926,6.12270911385926,6.12270911385926,9.8381456326306,9.00815602511927,9.00815602511927,14.449622653224,13.2600813350685,13.2600813350685
"280","Rhabdotorrhinus waldeni","Rufous-headed Hornbill","aves",FALSE,TRUE,"Decreasing","CR","A2cd",7.779096793,2841.31510364325,14.8660077479215,6.66399202777166,6.66399202777166,20.1786754970349,9.20580492660307,9.20580492660307,36.9042655519807,17.908111252738,17.908111252738
"281","Rheinardia ocellata","Crested Argus","aves",FALSE,TRUE,"Decreasing","EN","A2bcd+3bcd+4bcd",5.825849888,2127.891671592,6.69670084631926,3.88831528530064,3.88831528530064,9.8381456326306,5.75338753673553,5.75338753673553,14.449622653224,8.54237402171104,8.54237402171104
"282","Rhyticeros everetti","Sumba Hornbill","aves",FALSE,TRUE,"Decreasing","VU","A2cd+3cd+4cd;B1ab(ii,iii,iv,v);C1+2a(ii)",7.685893128,2807.272465002,3.50389048801824,1.53497860102689,1.53497860102689,4.90109037786124,2.15585558441644,2.15585558441644,6.51175273797047,2.87803399599578,2.87803399599578
"283","Rhyticeros subruficollis","Plain-pouched Hornbill","aves",FALSE,TRUE,"Decreasing","VU","A2cd+3cd+4cd",8.536508332,3117.959668263,3.50389048801824,1.38308950154161,1.38308950154161,4.90109037786124,1.94313818111067,1.94313818111067,6.51175273797047,2.59500943985734,2.59500943985734
"284","Rissa tridactyla","Black-legged Kittiwake","aves",TRUE,TRUE,"Decreasing","VU","A2abd+3bd+4abd",9.781390857,3572.65301051925,3.50389048801824,1.20813094385701,1.20813094385701,4.90109037786124,1.69794641427797,1.69794641427797,6.51175273797047,2.26851812395517,2.26851812395517
"285","Rollandia microptera","Titicaca Grebe","aves",FALSE,TRUE,"Decreasing","EN","A2acde+3cde+4acde",5.686393737,2076.95531243925,6.69670084631926,3.98175051701338,3.98175051701338,9.8381456326306,5.89024805876603,5.89024805876603,14.449622653224,8.74243830884898,8.74243830884898
"286","Rynchops albicollis","Indian Skimmer","aves",FALSE,TRUE,"Decreasing","VU","A2cde+3cde+4cde",5.047294572,1843.524342423,3.50389048801824,2.32802542670747,2.32802542670747,4.90109037786124,3.26431917802095,3.26431917802095,6.51175273797047,4.34947566813011,4.34947566813011
"287","Sarcogyps calvus","Red-headed Vulture","aves",TRUE,TRUE,"Decreasing","CR","A2abce+3bce+4abce",11.53560024,4213.37798766,14.8660077479215,4.54415540141943,4.54415540141943,20.1786754970349,6.30503946018379,6.30503946018379,36.9042655519807,12.4597281435732,12.4597281435732
"288","Sarcophanops samarensis","Visayan Wattled Broadbill","aves",FALSE,TRUE,"Decreasing","VU","A2c+3c+4c",2.971339774,1085.2818524535,3.50389048801824,3.50389048801824,3.92228665922622,4.90109037786124,4.90109037786124,5.48152668339323,6.51175273797047,6.51175273797047,7.27552309897664
"289","Setophaga chrysoparia","Golden-cheeked Warbler","aves",FALSE,TRUE,"Decreasing","EN","A2ace+3ce+4ace",2.439937895,891.18731614875,6.69670084631926,6.69670084631926,9.03493443172634,9.8381456326306,9.8381456326306,13.1931050466761,14.449622653224,14.449622653224,19.2012483996238
"290","Setornis criniger","Hook-billed Bulbul","aves",FALSE,TRUE,"Decreasing","VU","A2c+3c+4c",3.100546643,1132.47466135575,3.50389048801824,3.50389048801824,3.76195062058821,4.90109037786124,4.90109037786124,5.25921619947233,6.51175273797047,6.51175273797047,6.98318243603154
"291","Spheniscus demersus","African Penguin","aves",TRUE,TRUE,"Decreasing","EN","A2ace+3ce+4ace",9.651411739,3525.17813766975,6.69670084631926,2.36551309982975,2.36551309982975,9.8381456326306,3.51359641255411,3.51359641255411,14.449622653224,5.24736190828557,5.24736190828557
"292","Spheniscus humboldti","Humboldt Penguin","aves",TRUE,TRUE,"Decreasing","VU","A2bcde+3bcde+4bcde",9.721247253,3550.68555915825,3.50389048801824,1.21555981911307,1.21555981911307,4.90109037786124,1.70836105809009,1.70836105809009,6.51175273797047,2.28239164188785,2.28239164188785
"293","Spheniscus mendiculus","Galapagos Penguin","aves",TRUE,TRUE,"Decreasing","EN","A2bde; B2ab(iii,v)c(iv); C2a(ii)b",9.583064166,3500.2141866315,6.69670084631926,2.38218166577718,2.38218166577718,9.8381456326306,3.53820717632669,3.53820717632669,14.449622653224,5.28378017981264,5.28378017981264
"294","Spinus cucullatus","Red Siskin","aves",FALSE,TRUE,"Decreasing","EN","A2d",2.009387494,733.9287821835,6.69670084631926,6.69670084631926,10.8620325442249,9.8381456326306,9.8381456326306,15.7852298915681,14.449622653224,14.449622653224,22.8094218296392
"295","Spinus yarrellii","Yellow-faced Siskin","aves",FALSE,TRUE,"Decreasing","VU","A2d",2.706984962,988.7262573705,3.50389048801824,3.50389048801824,4.29697901802474,4.90109037786124,4.90109037786124,6.0004567342863,6.51175273797047,6.51175273797047,7.95701185186845
"296","Sporophila cinnamomea","Chestnut Seedeater","aves",FALSE,TRUE,"Decreasing","VU","A2cde+3cde+4cde; C2a(i)",2.070634625,756.29929678125,3.50389048801824,3.50389048801824,5.58006652256744,4.90109037786124,4.90109037786124,7.77116789695775,6.51175273797047,6.51175273797047,10.2727652290514
"297","Sporophila falcirostris","Temminck's Seedeater","aves",FALSE,TRUE,"Decreasing","VU","A2cd+3cd+4cd; C2a(i)",2.143570622,782.9391696855,3.50389048801824,3.50389048801824,5.39542048318464,4.90109037786124,4.90109037786124,7.51695170640366,6.51175273797047,6.51175273797047,9.94122046859958
"298","Sporophila frontalis","Buffy-fronted Seedeater","aves",FALSE,TRUE,"Decreasing","VU","A2cd+3cd+4cd; C2a(i)",2.144930024,783.435691266,3.50389048801824,3.50389048801824,5.39209489767107,4.90109037786124,4.90109037786124,7.51237125941235,6.51175273797047,6.51175273797047,9.93524387749781
"299","Sporophila nigrorufa","Black-and-tawny Seedeater","aves",FALSE,TRUE,"Decreasing","VU","A2c+3c+4c;C2a(i)",2.127744963,777.15884773575,3.50389048801824,3.50389048801824,5.43443968365722,4.90109037786124,4.90109037786124,7.57068931782335,6.51175273797047,6.51175273797047,10.0113300685283
"300","Sterna acuticauda","Black-bellied Tern","aves",FALSE,TRUE,"Decreasing","EN","A2cde+3cde+4cde",6.112813044,2232.704964321,6.69670084631926,3.70920914406025,3.70920914406025,9.8381456326306,5.49085558006895,5.49085558006895,14.449622653224,8.15818949442047,8.15818949442047
"301","Stipiturus mallee","Mallee Emu-wren","aves",TRUE,TRUE,"Decreasing","EN","A2abc",2.021328713,738.29031242325,6.69670084631926,6.69670084631926,10.8014618613799,9.8381456326306,9.8381456326306,15.6997147131408,14.449622653224,14.449622653224,22.6912733580581
"302","Streptopelia dusumieri","Philippine Collared-dove","aves",FALSE,TRUE,"Decreasing","VU","A2e+3e+4e",2.74608885,1003.0089524625,3.50389048801824,3.50389048801824,4.23710583853957,4.90109037786124,4.90109037786124,5.91759107237162,6.51175273797047,6.51175273797047,7.84827350474628
"303","Streptopelia turtur","European Turtle-dove","aves",TRUE,TRUE,"Decreasing","VU","A2bcd+3bcd+4bcd",2.833879633,1035.07453595325,3.50389048801824,3.50389048801824,4.10857929588595,4.90109037786124,4.90109037786124,5.73963624906492,6.51175273797047,6.51175273797047,7.61464681778229
"304","Strigops habroptila","Kakapo","aves",FALSE,TRUE,"Increasing","CR","A2be",25.82233791,9431.6089216275,14.8660077479215,2.05614538513986,2.05614538513986,20.1786754970349,2.86744636102927,2.86744636102927,36.9042655519807,5.77143881886835,5.77143881886835
"305","Struthio molybdophanes","Somali Ostrich","aves",FALSE,TRUE,"Decreasing","VU","A2cd+3cd+4cd",14.47284387,5286.2062235175,3.50389048801824,0.818115965374988,0.818115965374988,4.90109037786124,1.15072956784426,1.15072956784426,6.51175273797047,1.53885961525604,1.53885961525604
"306","Synallaxis fuscorufa","Rusty-headed Spinetail","aves",FALSE,TRUE,"Decreasing","VU","A2c+3c+4c;B1ab(i,ii,iii)",2.613321542,954.5156932155,3.50389048801824,3.50389048801824,4.44751022332684,4.90109037786124,4.90109037786124,6.20870123750249,6.51175273797047,6.51175273797047,8.2301315260863
"307","Synallaxis tithys","Blackish-headed Spinetail","aves",FALSE,TRUE,"Decreasing","VU","A2c+3c+4c; C2a(i)",2.657220628,970.549834377,3.50389048801824,3.50389048801824,4.37566604417816,4.90109037786124,4.90109037786124,6.10932889615368,6.51175273797047,6.51175273797047,8.09982704033357
"308","Syndactyla ruficollis","Rufous-necked Foliage-gleaner","aves",FALSE,TRUE,"Decreasing","VU","A2c+3c+4c;B1ab(i,ii,iii,iv,v)",2.815219711,1028.25899944275,3.50389048801824,3.50389048801824,4.13524093507925,4.90109037786124,4.90109037786124,5.77655934924288,6.51175273797047,6.51175273797047,7.66313337625362
"309","Syrmaticus reevesii","Reeves's Pheasant","aves",FALSE,TRUE,"Decreasing","VU","A2cd+3cd+4cd;C2a(i)",3.993863318,1458.7585768995,3.50389048801824,2.93298619723747,2.93298619723747,4.90109037786124,4.10742012083587,4.10742012083587,6.51175273797047,5.4648311731605,5.4648311731605
"310","Tangara fastuosa","Seven-colored Tanager","aves",FALSE,TRUE,"Decreasing","VU","A2cd+3cd+4cd;B1ab(i,ii,iii,iv,v);C2a(i)",3.012728754,1100.3991773985,3.50389048801824,3.50389048801824,3.86945846683912,4.90109037786124,4.90109037786124,5.4082956350492,6.51175273797047,6.51175273797047,7.17924927432133
"311","Tangara peruviana","Black-backed Tanager","aves",FALSE,TRUE,"Decreasing","VU","A2c+3c+4c; C2a(i)",2.77658425,1014.1473973125,3.50389048801824,3.50389048801824,4.1915587350873,4.90109037786124,4.90109037786124,5.85453879156244,6.51175273797047,6.51175273797047,7.76551294648722
"312","Thaumatibis gigantea","Giant Ibis","aves",FALSE,TRUE,"Decreasing","CR","A2cd+3cd+4cd; C2a(i)",7.944600167,2901.76521099675,14.8660077479215,6.52980212642857,6.52980212642857,20.1786754970349,9.0229554165354,9.0229554165354,36.9042655519807,17.5699504456769,17.5699504456769
"313","Tinamus osgoodi","Black Tinamou","aves",FALSE,TRUE,"Decreasing","VU","A2cd+3cd+4cd",8.159437279,2980.23446615475,3.50389048801824,1.44654155802809,1.44654155802809,4.90109037786124,2.03201772142333,2.03201772142333,6.51175273797047,2.71329077040248,2.71329077040248
"314","Todiramphus winchelli","Rufous-lored Kingfisher","aves",FALSE,TRUE,"Decreasing","VU","A2c+3c+4c",3.390185492,1238.265250953,3.50389048801824,3.44615593697862,3.44615593697862,4.90109037786124,4.82091494953559,4.82091494953559,6.51175273797047,6.40612862189954,6.40612862189954
"315","Torgos tracheliotos","Lappet-faced Vulture","aves",TRUE,TRUE,"Decreasing","EN","A2bcd+3bcd",13.49638694,4929.555329835,6.69670084631926,1.69736238680411,1.69736238680411,9.8381456326306,2.52537922575191,2.52537922575191,14.449622653224,3.7811429420446,3.7811429420446
"316","Touit surdus","Golden-tailed Parrotlet","aves",FALSE,TRUE,"Decreasing","VU","A2c+3c+4c;C2a(i)",3.557032297,1299.20604647925,3.50389048801824,3.28719705828309,3.28719705828309,4.90109037786124,4.60006896524915,4.60006896524915,6.51175273797047,6.11502698667329,6.11502698667329
"317","Toxostoma bendirei","Bendire's Thrasher","aves",TRUE,TRUE,"Decreasing","VU","A2ce+3ce+4ce",2.536164707,926.33415923175,3.50389048801824,3.50389048801824,4.57966928471069,4.90109037786124,4.90109037786124,6.39141920966294,6.51175273797047,6.51175273797047,8.46960259360977
"318","Treron capellei","Large Green-pigeon","aves",FALSE,TRUE,"Decreasing","VU","A2cd+3cd+4cd",3.789681813,1384.18128219825,3.50389048801824,3.08854523198772,3.08854523198772,4.90109037786124,4.32386775614936,4.32386775614936,6.51175273797047,5.75063802046292,5.75063802046292
"319","Trigonoceps occipitalis","White-headed Vulture","aves",TRUE,TRUE,"Decreasing","CR","A2bcd+3bcd",10.07265618,3679.037669745,14.8660077479215,5.18674412991141,5.18674412991141,20.1786754970349,7.18710438257295,7.18710438257295,36.9042655519807,14.1353875700982,14.1353875700982
"320","Turdus celaenops","Izu Thrush","aves",FALSE,TRUE,"Decreasing","VU","A2ce+3ce+4ce; C1",3.440768121,1256.74055619525,3.50389048801824,3.39636441487813,3.39636441487813,4.90109037786124,4.75175418467216,4.75175418467216,6.51175273797047,6.31499106090242,6.31499106090242
"321","Tympanuchus cupido","Greater Prairie-chicken","aves",TRUE,TRUE,"Decreasing","VU","A2bcde+3bcde+4bcde",2.633883697,962.02602032925,3.50389048801824,3.50389048801824,4.41356726693293,4.90109037786124,4.90109037786124,6.16175634034631,6.51175273797047,6.51175273797047,8.16857969230209
"322","Vauriella insignis","White-browed Jungle-flycatcher","aves",FALSE,TRUE,"Decreasing","VU","A2c+3c+4c;B1ab(i,ii,iii,iv,v);C2a(i)",3.13908426,1146.550525965,3.50389048801824,3.50389048801824,3.71663541028311,4.90109037786124,4.90109037786124,5.19635790244157,6.51175273797047,6.51175273797047,6.9004807845033
"323","Xanthopsar flavus","Saffron-cowled Blackbird","aves",FALSE,TRUE,"Decreasing","EN","A2acde+3cde+4acde",2.890840341,1055.87943455025,6.69670084631926,6.69670084631926,7.68139848714147,9.8381456326306,9.8381456326306,11.2561421721991,14.449622653224,14.449622653224,16.4690681435235
"324","Xenoligea montana","White-winged Warbler","aves",FALSE,TRUE,"Decreasing","VU","A2c+3c+4c; B1ab(i,ii,iii,iv,v); C2a(i)",2.752062174,1005.1907090535,3.50389048801824,3.50389048801824,4.22810646535028,4.90109037786124,4.90109037786124,5.90513393033744,6.51175273797047,6.51175273797047,7.8319241227111
"325","Xiphocolaptes falcirostris","Moustached Woodcreeper","aves",FALSE,TRUE,"Decreasing","VU","A2c+3c+4c;C2a(i)",3.950059717,1442.75931163425,3.50389048801824,2.96502411554785,2.96502411554785,4.90109037786124,4.15200986257933,4.15200986257933,6.51175273797047,5.52372735437029,5.52372735437029
"326","Xolmis dominicanus","Black-and-white Monjita","aves",FALSE,TRUE,"Decreasing","VU","A2c+3c+4c",3.49218151,1275.5192965275,3.50389048801824,3.34720810123627,3.34720810123627,4.90109037786124,4.68346142816858,4.68346142816858,6.51175273797047,6.22497525456983,6.22497525456983
"327","Zanda latirostris","Short-billed Black-cockatoo","aves",FALSE,TRUE,"Decreasing","EN","A2bcde",11.27512029,4118.2376859225,6.69670084631926,2.02834045834971,2.02834045834971,9.8381456326306,3.01532306182478,3.01532306182478,14.449622653224,4.50901985180212,4.50901985180212
"328","Zavattariornis stresemanni","Ethiopian Bushcrow","aves",FALSE,TRUE,"Decreasing","EN","A2bc+3bc",2.792769282,1020.0589802505,6.69670084631926,6.69670084631926,7.94013982073726,9.8381456326306,9.8381456326306,11.6275031282106,14.449622653224,14.449622653224,16.9952564308437
"329","Zosterops flavus","Javan White-eye","aves",FALSE,TRUE,"Decreasing","EN","A2bd+3d+4bd",1.707398068,623.627144337,6.69670084631926,6.69670084631926,12.6565655187792,9.8381456326306,9.8381456326306,18.3057281949225,14.449622653224,14.449622653224,26.2643244584757
"330","Zosterops modestus","Seychelles White-eye","aves",FALSE,TRUE,"Stable","VU","A2ace+4ace; D1+2",2.293084695,837.54918484875,3.50389048801824,3.50389048801824,5.05267383731116,4.90109037786124,4.90109037786124,7.04452853749865,6.51175273797047,6.51175273797047,9.32427088217964
