"","Scientific_Name","Common_Name","Class","PresentInLPI","PresentInRL","Population_Trend","IUCN_Category","IUCN_Criteria","Generation_Length_Days","Generation_Length_Years","PercentDecrease10YMin","PercentDecreaseMin","PercentDecrease3GMin","PercentDecrease10YMid","PercentDecreaseMid","PercentDecrease3GMid","PercentDecrease10YMax","PercentDecreaseMax","PercentDecrease3GMax"
"1","Acerodon celebensis","Sulawesi Fruit Bat","mammalia",FALSE,TRUE,"Decreasing","VU","A2d",1642.5,4.49691991786448,3.50389048801824,2.60920260091243,2.60920260091243,4.90109037786124,3.65644693521234,3.65644693521234,6.51175273797047,4.86864230743805,4.86864230743805
"2","Acerodon jubatus","Golden-capped Fruit Bat","mammalia",FALSE,TRUE,"Decreasing","EN","A2cd",3650,9.99315537303217,6.69670084631926,2.28554952716388,2.28554952716388,9.8381456326306,3.39550312400438,3.39550312400438,14.449622653224,5.07254548928852,5.07254548928852
"3","Acinonyx jubatus","Cheetah","mammalia",TRUE,TRUE,"Decreasing","VU","A2acd; C1",2190,5.9958932238193,3.50389048801824,1.96335481659702,1.96335481659702,4.90109037786124,2.75506418670095,2.75506418670095,6.51175273797047,3.6741674786795,3.6741674786795
"4","Addax nasomaculatus","Addax","mammalia",TRUE,TRUE,"Decreasing","CR","A2cd; C2a(ii); D",2555,6.99520876112252,14.8660077479215,7.38252930088964,7.38252930088964,20.1786754970349,10.1831040360979,10.1831040360979,36.9042655519807,19.703489327801,19.703489327801
"5","Ailurus fulgens","Red Panda","mammalia",FALSE,TRUE,"Decreasing","EN","A2cde+3cde+4cde",3650,9.99315537303217,6.69670084631926,2.28554952716388,2.28554952716388,9.8381456326306,3.39550312400438,3.39550312400438,14.449622653224,5.07254548928852,5.07254548928852
"6","Allocebus trichotis","Hairy-eared Dwarf Lemur","mammalia",FALSE,TRUE,"Decreasing","VU","A2c+3c+4c",2053.5145,5.62221629021218,3.50389048801824,2.09247332188129,2.09247332188129,4.90109037786124,2.93546425288249,2.93546425288249,6.51175273797047,3.91352857643599,3.91352857643599
"7","Alouatta discolor","Spix's Red-handed Howler Monkey","mammalia",FALSE,TRUE,"Decreasing","VU","A2c",4015,10.9924709103354,3.50389048801824,1.07574548459258,1.07574548459258,4.90109037786124,1.51229970208653,1.51229970208653,6.51175273797047,2.02113129281826,2.02113129281826
"8","Amorphochilus schnablii","Smoky Bat","mammalia",FALSE,TRUE,"Stable","VU","A2c",2070.531028,5.66880500479124,3.50389048801824,2.07545617190822,2.07545617190822,4.90109037786124,2.9116940217106,2.9116940217106,6.51175273797047,3.881998048036,3.881998048036
"9","Antechinus bellus","Fawn Antechinus","mammalia",TRUE,TRUE,"Decreasing","VU","A2be",622.1218,1.70327665982204,3.50389048801824,3.50389048801824,6.74212908176289,4.90109037786124,4.90109037786124,9.3663941103544,6.51175273797047,6.51175273797047,12.3461241256045
"10","Aotus brumbacki","Brumback's Night Monkey","mammalia",FALSE,TRUE,"Decreasing","VU","A2c",2920,7.99452429842574,3.50389048801824,1.47615984620982,1.47615984620982,4.90109037786124,2.0734970965063,2.0734970965063,6.51175273797047,2.76847924676236,2.76847924676236
"11","Aotus griseimembra","Grey-handed Night Monkey","mammalia",FALSE,TRUE,"Decreasing","VU","A2c",2920,7.99452429842574,3.50389048801824,1.47615984620982,1.47615984620982,4.90109037786124,2.0734970965063,2.0734970965063,6.51175273797047,2.76847924676236,2.76847924676236
"12","Aotus lemurinus","Colombian Night Monkey","mammalia",FALSE,TRUE,"Decreasing","VU","A2c",2920,7.99452429842574,3.50389048801824,1.47615984620982,1.47615984620982,4.90109037786124,2.0734970965063,2.0734970965063,6.51175273797047,2.76847924676236,2.76847924676236
"13","Aotus nancymaae","Nancy Ma’s Night Monkey","mammalia",FALSE,TRUE,"Decreasing","VU","A2cd+3cd+4cd",3047.8376,8.34452457221081,3.50389048801824,1.41468431438072,1.41468431438072,4.90109037786124,1.98739707721086,1.98739707721086,6.51175273797047,2.65391395440302,2.65391395440302
"14","Arctictis binturong","Binturong","mammalia",TRUE,TRUE,"Decreasing","VU","A2cd+3cd+4cd",3650,9.99315537303217,3.50389048801824,1.18268149284166,1.18268149284166,4.90109037786124,1.66226604635902,1.66226604635902,6.51175273797047,2.22098393248984,2.22098393248984
"15","Arctocephalus galapagoensis","Galápagos Fur Seal","mammalia",FALSE,TRUE,"Decreasing","EN","A2ab",3650,9.99315537303217,6.69670084631926,2.28554952716388,2.28554952716388,9.8381456326306,3.39550312400438,3.39550312400438,14.449622653224,5.07254548928852,5.07254548928852
"16","Arctonyx collaris","Greater Hog Badger","mammalia",FALSE,TRUE,"Decreasing","VU","A2cd+3cd+4cd",1798.679445,4.92451593429158,3.50389048801824,2.38537027445664,2.38537027445664,4.90109037786124,3.34432942857029,3.34432942857029,6.51175273797047,4.45546528756578,4.45546528756578
"17","Arvicola sapidus","Southern Water Vole","mammalia",TRUE,TRUE,"Decreasing","VU","A2ace+4ace",656.0875,1.79626967830253,3.50389048801824,3.50389048801824,6.40451901936392,4.90109037786124,4.90109037786124,8.90377145292874,6.51175273797047,6.51175273797047,11.7461078297212
"18","Ateles chamek","Black-faced Black Spider Monkey","mammalia",TRUE,TRUE,"Decreasing","EN","A2cd",5475,14.9897330595483,6.69670084631926,1.52956359339727,1.52956359339727,9.8381456326306,2.27667648263158,2.27667648263158,14.449622653224,3.41095096512041,3.41095096512041
"19","Ateles fusciceps","Brown-headed Spider Monkey","mammalia",FALSE,TRUE,"Decreasing","CR","A2cd",5475,14.9897330595483,14.8660077479215,3.51569021022349,3.51569021022349,20.1786754970349,4.88834189436657,4.88834189436657,36.9042655519807,9.73380953754651,9.73380953754651
"20","Ateles geoffroyi","Geoffroy’s Spider Monkey","mammalia",TRUE,TRUE,"Decreasing","EN","A2c",5475,14.9897330595483,6.69670084631926,1.52956359339727,1.52956359339727,9.8381456326306,2.27667648263158,2.27667648263158,14.449622653224,3.41095096512041,3.41095096512041
"21","Ateles hybridus","Variegated Spider Monkey","mammalia",FALSE,TRUE,"Decreasing","CR","A2cd+3cd",5475,14.9897330595483,14.8660077479215,3.51569021022349,3.51569021022349,20.1786754970349,4.88834189436657,4.88834189436657,36.9042655519807,9.73380953754651,9.73380953754651
"22","Axis porcinus","Hog Deer","mammalia",TRUE,TRUE,"Decreasing","EN","A2bcd",2555,6.99520876112252,6.69670084631926,3.24900947423726,3.24900947423726,9.8381456326306,4.81519317103433,4.81519317103433,14.449622653224,7.16694942778309,7.16694942778309
"23","Babyrousa celebensis","Sulawesi Babirusa","mammalia",FALSE,TRUE,"Decreasing","VU","A2cd; C1",2190,5.9958932238193,3.50389048801824,1.96335481659702,1.96335481659702,4.90109037786124,2.75506418670095,2.75506418670095,6.51175273797047,3.6741674786795,3.6741674786795
"24","Balantiopteryx io","Thomas's Sac-winged Bat","mammalia",FALSE,TRUE,"Decreasing","VU","A2c",894.25,2.44832306639288,3.50389048801824,3.50389048801824,4.74002385805866,4.90109037786124,4.90109037786124,6.61298027302462,6.51175273797047,6.51175273797047,8.75976851277533
"25","Beatragus hunteri","Hirola","mammalia",TRUE,TRUE,"Decreasing","CR","A2acd",2253.9745,6.17104585900068,14.8660077479215,8.32632340984488,8.32632340984488,20.1786754970349,11.4621728913813,11.4621728913813,36.9042655519807,22.0226253500883,22.0226253500883
"26","Bettongia penicillata","Woylie","mammalia",TRUE,TRUE,"Decreasing","CR","A2ce",1517.6945,4.15522108145106,14.8660077479215,12.1122443490455,12.1122443490455,20.1786754970349,16.539793935268,16.539793935268,36.9042655519807,30.8870741555199,30.8870741555199
"27","Bos gaurus","Gaur","mammalia",TRUE,TRUE,"Decreasing","VU","A2cd+3cd+4cd",3285,8.99383983572895,3.50389048801824,1.3132240879825,1.3132240879825,4.90109037786124,1.84524817168165,1.84524817168165,6.51175273797047,2.46469475489302,2.46469475489302
"28","Bos sauveli","Kouprey","mammalia",FALSE,TRUE,"Decreasing","CR","A2d; C1+2a(i); D",3285,8.99383983572895,14.8660077479215,5.79054515374959,5.79054515374959,20.1786754970349,8.01374848378401,8.01374848378401,36.9042655519807,15.690756921472,15.690756921472
"29","Brachyteles arachnoides","Southern Muriqui","mammalia",TRUE,TRUE,"Decreasing","CR","A2cd",7300,19.9863107460643,14.8660077479215,2.6485284089205,2.6485284089205,20.1786754970349,3.68912806801446,3.68912806801446,36.9042655519807,7.39299570567395,7.39299570567395
"30","Brachyteles hypoxanthus","Northern Muriqui","mammalia",TRUE,TRUE,"Decreasing","CR","A2cd",7300,19.9863107460643,14.8660077479215,2.6485284089205,2.6485284089205,20.1786754970349,3.68912806801446,3.68912806801446,36.9042655519807,7.39299570567395,7.39299570567395
"31","Bubalus arnee","Wild Water Buffalo","mammalia",TRUE,TRUE,"Decreasing","EN","A2de+3de; C1",3285,8.99383983572895,6.69670084631926,2.53625287049356,2.53625287049356,9.8381456326306,3.76559153685522,3.76559153685522,14.449622653224,5.62003388399601,5.62003388399601
"32","Budorcas taxicolor","Takin","mammalia",FALSE,TRUE,"Decreasing","VU","A2cd",2920,7.99452429842574,3.50389048801824,1.47615984620982,1.47615984620982,4.90109037786124,2.0734970965063,2.0734970965063,6.51175273797047,2.76847924676236,2.76847924676236
"33","Cacajao calvus","Bald-headed Uacari","mammalia",FALSE,TRUE,"Decreasing","VU","A2cd",3650,9.99315537303217,3.50389048801824,1.18268149284166,1.18268149284166,4.90109037786124,1.66226604635902,1.66226604635902,6.51175273797047,2.22098393248984,2.22098393248984
"34","Cacajao hosomi","Black-headed Uacari","mammalia",FALSE,TRUE,"Decreasing","VU","A2d",3650,9.99315537303217,3.50389048801824,1.18268149284166,1.18268149284166,4.90109037786124,1.66226604635902,1.66226604635902,6.51175273797047,2.22098393248984,2.22098393248984
"35","Caenolestes convelatus","Blackish Shrew Opossum","mammalia",FALSE,TRUE,"Decreasing","VU","A2c",998.6765636,2.73422741574264,3.50389048801824,3.50389048801824,4.25509023276229,4.90109037786124,4.90109037786124,5.94248405562944,6.51175273797047,6.51175273797047,7.88094210815928
"36","Callicebus melanochir","Black-handed Titi","mammalia",FALSE,TRUE,"Decreasing","VU","A2c",2920,7.99452429842574,3.50389048801824,1.47615984620982,1.47615984620982,4.90109037786124,2.0734970965063,2.0734970965063,6.51175273797047,2.76847924676236,2.76847924676236
"37","Callicebus personatus","Atlantic Titi","mammalia",FALSE,TRUE,"Decreasing","VU","A2c",2920,7.99452429842574,3.50389048801824,1.47615984620982,1.47615984620982,4.90109037786124,2.0734970965063,2.0734970965063,6.51175273797047,2.76847924676236,2.76847924676236
"38","Callithrix aurita","Buffy-tufted-ear Marmoset","mammalia",FALSE,TRUE,"Decreasing","EN","A2cde",2110.588375,5.77847604380561,6.69670084631926,3.91955994615966,3.91955994615966,9.8381456326306,5.79916089674666,5.79916089674666,14.449622653224,8.60930244950802,8.60930244950802
"39","Callorhinus ursinus","Northern Fur Seal","mammalia",TRUE,TRUE,"Decreasing","VU","A2b",4745,12.9911019849418,3.50389048801824,0.911002539455408,0.911002539455408,4.90109037786124,1.28113555189598,1.28113555189598,6.51175273797047,1.71286777101431,1.71286777101431
"40","Capra aegagrus","Wild Goat","mammalia",TRUE,TRUE,"Decreasing","VU","A2cd",2097.005,5.74128678986995,3.50389048801824,2.0495246192163,2.0495246192163,4.90109037786124,2.8754685503937,2.8754685503937,6.51175273797047,3.83394095481298,3.83394095481298
"41","Capra caucasica","Western Tur","mammalia",TRUE,TRUE,"Decreasing","EN","A2ad",2555,6.99520876112252,6.69670084631926,3.24900947423726,3.24900947423726,9.8381456326306,4.81519317103433,4.81519317103433,14.449622653224,7.16694942778309,7.16694942778309
"42","Capricornis sumatraensis","Sumatran Serow","mammalia",TRUE,TRUE,"Decreasing","VU","A2cd",2555,6.99520876112252,3.50389048801824,1.68525345545091,1.68525345545091,4.90109037786124,2.3661802660969,2.3661802660969,6.51175273797047,3.15766942918758,3.15766942918758
"43","Caracal aurata","African Golden Cat","mammalia",FALSE,TRUE,"Decreasing","VU","A2c+3c",1825,4.99657768651609,3.50389048801824,2.35137563054822,2.35137563054822,4.90109037786124,3.29690080862926,3.29690080862926,6.51175273797047,4.39264016869589,4.39264016869589
"44","Cebus kaapori","Ka’apor Capuchin","mammalia",FALSE,TRUE,"Decreasing","CR","A2acd+3cd+4acd",5840,15.9890485968515,14.8660077479215,3.29962661194019,3.29962661194019,20.1786754970349,4.58994562664677,4.58994562664677,36.9042655519807,9.15421238430074,9.15421238430074
"45","Cercocebus torquatus","Red-capped Mangabey","mammalia",FALSE,TRUE,"Decreasing","EN","A2abcd+4abcd",3285,8.99383983572895,6.69670084631926,2.53625287049356,2.53625287049356,9.8381456326306,3.76559153685522,3.76559153685522,14.449622653224,5.62003388399601,5.62003388399601
"46","Cercopithecus diana","Diana Monkey","mammalia",FALSE,TRUE,"Decreasing","EN","A2cd",3285,8.99383983572895,6.69670084631926,2.53625287049356,2.53625287049356,9.8381456326306,3.76559153685522,3.76559153685522,14.449622653224,5.62003388399601,5.62003388399601
"47","Cercopithecus erythrogaster","Red-bellied Monkey","mammalia",FALSE,TRUE,"Decreasing","VU","A2cd",3285,8.99383983572895,3.50389048801824,1.3132240879825,1.3132240879825,4.90109037786124,1.84524817168165,1.84524817168165,6.51175273797047,2.46469475489302,2.46469475489302
"48","Cercopithecus erythrotis","Red-eared Monkey","mammalia",FALSE,TRUE,"Decreasing","VU","A2cd",3285,8.99383983572895,3.50389048801824,1.3132240879825,1.3132240879825,4.90109037786124,1.84524817168165,1.84524817168165,6.51175273797047,2.46469475489302,2.46469475489302
"49","Cercopithecus sclateri","Sclater's Monkey","mammalia",FALSE,TRUE,"Decreasing","EN","A2cd",3285,8.99383983572895,6.69670084631926,2.53625287049356,2.53625287049356,9.8381456326306,3.76559153685522,3.76559153685522,14.449622653224,5.62003388399601,5.62003388399601
"50","Chalinolobus tuberculatus","New Zealand Long-tailed Bat","mammalia",TRUE,TRUE,"Decreasing","VU","A2ace",2051.666208,5.61715594250513,3.50389048801824,2.09433849702386,2.09433849702386,4.90109037786124,2.93806950089742,2.93806950089742,6.51175273797047,3.91698420345797,3.91698420345797
"51","Chilonatalus micropus","Cuban Lesser Funnel-eared Bat","mammalia",FALSE,TRUE,"Decreasing","VU","A2c",2070.531028,5.66880500479124,3.50389048801824,2.07545617190822,2.07545617190822,4.90109037786124,2.9116940217106,2.9116940217106,6.51175273797047,3.881998048036,3.881998048036
"52","Chiropotes satanas","Black Bearded Saki","mammalia",FALSE,TRUE,"Decreasing","CR","A2c+3c",3650,9.99315537303217,14.8660077479215,5.22690979051242,5.22690979051242,20.1786754970349,7.24215947700678,7.24215947700678,36.9042655519807,14.2394275563068,14.2394275563068
"53","Chrotogale owstoni","Owston's Civet","mammalia",FALSE,TRUE,"Decreasing","EN","A2bcd+3bcd+4cd",1825,4.99657768651609,6.69670084631926,4.51886168791656,4.51886168791656,9.8381456326306,6.67571183335754,6.67571183335754,14.449622653224,9.88778380116803,9.88778380116803
"54","Colobus polykomos","King Colobus","mammalia",FALSE,TRUE,"Unknown","VU","A2cd",3650,9.99315537303217,3.50389048801824,1.18268149284166,1.18268149284166,4.90109037786124,1.66226604635902,1.66226604635902,6.51175273797047,2.22098393248984,2.22098393248984
"55","Colobus satanas","Black Colobus","mammalia",FALSE,TRUE,"Decreasing","VU","A2cd",3650,9.99315537303217,3.50389048801824,1.18268149284166,1.18268149284166,4.90109037786124,1.66226604635902,1.66226604635902,6.51175273797047,2.22098393248984,2.22098393248984
"56","Colobus vellerosus","White-thighed Colobus","mammalia",TRUE,TRUE,"Decreasing","CR","A2cd",3650,9.99315537303217,14.8660077479215,5.22690979051242,5.22690979051242,20.1786754970349,7.24215947700678,7.24215947700678,36.9042655519807,14.2394275563068,14.2394275563068
"57","Conilurus penicillatus","Brush-tailed Rabbit-rat","mammalia",TRUE,TRUE,"Decreasing","VU","A2abce+3bce+4abce",639.6318318,1.75121651416838,3.50389048801824,3.50389048801824,6.5637583834512,4.90109037786124,4.90109037786124,9.12206024861775,6.51175273797047,6.51175273797047,12.0293552866995
"58","Cryptoprocta ferox","Fossa","mammalia",TRUE,TRUE,"Decreasing","VU","A2cde+3cde+4cde",2555,6.99520876112252,3.50389048801824,1.68525345545091,1.68525345545091,4.90109037786124,2.3661802660969,2.3661802660969,6.51175273797047,3.15766942918758,3.15766942918758
"59","Dasyprocta mexicana","Mexican Agouti","mammalia",FALSE,TRUE,"Decreasing","CR","A2c",1891.0246,5.17734318959617,14.8660077479215,9.84326947947187,9.84326947947187,20.1786754970349,13.5069630851385,13.5069630851385,36.9042655519807,25.6580707292852,25.6580707292852
"60","Dasyurus hallucatus","Northern Quoll","mammalia",TRUE,TRUE,"Decreasing","EN","A2ce+3ce+4ce",731.3936,2.00244654346338,6.69670084631926,6.69670084631926,10.8975526877854,9.8381456326306,9.8381456326306,15.8353647502222,14.449622653224,14.449622653224,22.8786602901412
"61","Dasyurus viverrinus","Eastern Quoll","mammalia",FALSE,TRUE,"Decreasing","EN","A2b",1010.0935,2.76548528405202,6.69670084631926,6.69670084631926,8.01525001537727,9.8381456326306,9.8381456326306,11.7352092637119,14.449622653224,14.449622653224,17.1476578969261
"62","Daubentonia madagascariensis","Aye-aye","mammalia",FALSE,TRUE,"Decreasing","EN","A2cd+4cd",2920,7.99452429842574,6.69670084631926,2.84872771102431,2.84872771102431,9.8381456326306,4.22620891478137,4.22620891478137,14.449622653224,6.29995612976448,6.29995612976448
"63","Dendrolagus goodfellowi","Goodfellow's Tree Kangaroo","mammalia",FALSE,TRUE,"Decreasing","EN","A2cd",3650,9.99315537303217,6.69670084631926,2.28554952716388,2.28554952716388,9.8381456326306,3.39550312400438,3.39550312400438,14.449622653224,5.07254548928852,5.07254548928852
"64","Dendrolagus mbaiso","Dingiso","mammalia",FALSE,TRUE,"Decreasing","EN","A2cd",3650,9.99315537303217,6.69670084631926,2.28554952716388,2.28554952716388,9.8381456326306,3.39550312400438,3.39550312400438,14.449622653224,5.07254548928852,5.07254548928852
"65","Dendrolagus notatus",NA,"mammalia",FALSE,TRUE,"Decreasing","EN","A2cd",3650,9.99315537303217,6.69670084631926,2.28554952716388,2.28554952716388,9.8381456326306,3.39550312400438,3.39550312400438,14.449622653224,5.07254548928852,5.07254548928852
"66","Dendrolagus scottae","Tenkile","mammalia",FALSE,TRUE,"Stable","CR","A2d",3650,9.99315537303217,14.8660077479215,5.22690979051242,5.22690979051242,20.1786754970349,7.24215947700678,7.24215947700678,36.9042655519807,14.2394275563068,14.2394275563068
"67","Dendrolagus spadix","Lowlands Tree Kangaroo","mammalia",FALSE,TRUE,"Decreasing","VU","A2cd",3618.937877,9.90811191512663,3.50389048801824,1.19277192123144,1.19277192123144,4.90109037786124,1.67641337079424,1.67641337079424,6.51175273797047,2.23983201895913,2.23983201895913
"68","Dendrolagus stellarum","Seri’s Tree Kangaroo","mammalia",FALSE,TRUE,"Decreasing","VU","A2cd",3650,9.99315537303217,3.50389048801824,1.18268149284166,1.18268149284166,4.90109037786124,1.66226604635902,1.66226604635902,6.51175273797047,2.22098393248984,2.22098393248984
"69","Dendrolagus ursinus","Vogelkop Tree Kangaroo","mammalia",FALSE,TRUE,"Decreasing","VU","A2cd",3650,9.99315537303217,3.50389048801824,1.18268149284166,1.18268149284166,4.90109037786124,1.66226604635902,1.66226604635902,6.51175273797047,2.22098393248984,2.22098393248984
"70","Desmana moschata","Russian Desman","mammalia",TRUE,TRUE,"Decreasing","EN","A2ac",759.1857214,2.07853722491444,6.69670084631926,6.69670084631926,10.5203940029259,9.8381456326306,9.8381456326306,15.3025208112054,14.449622653224,14.449622653224,22.1417108069493
"71","Dicerorhinus sumatrensis","Sumatran Rhinoceros","mammalia",TRUE,TRUE,"Decreasing","CR","A2abd; C1+2a(i)",7300,19.9863107460643,14.8660077479215,2.6485284089205,2.6485284089205,20.1786754970349,3.68912806801446,3.68912806801446,36.9042655519807,7.39299570567395,7.39299570567395
"72","Diceros bicornis","Black Rhino","mammalia",TRUE,TRUE,"Increasing","CR","A2abd+4abd",6205,16.9883641341547,14.8660077479215,3.1085804865435,3.1085804865435,20.1786754970349,4.32587745858188,4.32587745858188,36.9042655519807,8.63971332269534,8.63971332269534
"73","Dobsonia chapmani","Philippine Bare-backed Fruit Bat","mammalia",FALSE,TRUE,"Decreasing","CR","A2cd",2190,5.9958932238193,14.8660077479215,8.55883804493366,8.55883804493366,20.1786754970349,11.776479855602,11.776479855602,36.9042655519807,22.5871983362855,22.5871983362855
"74","Dugong dugon","Dugong","mammalia",TRUE,TRUE,"Decreasing","VU","A2bcd+4bcd",10246.2396,28.0526751540041,3.50389048801824,0.422918891422419,0.422918891422419,4.90109037786124,0.595343639257095,0.595343639257095,6.51175273797047,0.796903230133739,0.796903230133739
"75","Eidolon dupreanum","Madagascan Fruit Bat","mammalia",FALSE,TRUE,"Decreasing","VU","A2ad",2190,5.9958932238193,3.50389048801824,1.96335481659702,1.96335481659702,4.90109037786124,2.75506418670095,2.75506418670095,6.51175273797047,3.6741674786795,3.6741674786795
"76","Elephas maximus","Asian Elephant","mammalia",TRUE,TRUE,"Decreasing","EN","A2c",8030,21.9849418206708,6.69670084631926,1.04543922776957,1.04543922776957,9.8381456326306,1.55795875018577,1.55795875018577,14.449622653224,2.33846151686983,2.33846151686983
"77","Emballonura serii","Seri's Sheath-tailed Bat","mammalia",FALSE,TRUE,"Decreasing","VU","A2c",894.25,2.44832306639288,3.50389048801824,3.50389048801824,4.74002385805866,4.90109037786124,4.90109037786124,6.61298027302462,6.51175273797047,6.51175273797047,8.75976851277533
"78","Enhydra lutris","Sea Otter","mammalia",TRUE,TRUE,"Decreasing","EN","A2abe",5475,14.9897330595483,6.69670084631926,1.52956359339727,1.52956359339727,9.8381456326306,2.27667648263158,2.27667648263158,14.449622653224,3.41095096512041,3.41095096512041
"79","Equus grevyi","Grevy's Zebra","mammalia",TRUE,TRUE,"Stable","EN","A2acd",2190,5.9958932238193,6.69670084631926,3.78015418708458,3.78015418708458,9.8381456326306,5.59487498554474,5.59487498554474,14.449622653224,8.31047441508587,8.31047441508587
"80","Eudorcas rufifrons","Red-fronted Gazelle","mammalia",TRUE,TRUE,"Decreasing","VU","A2cd",1825,4.99657768651609,3.50389048801824,2.35137563054822,2.35137563054822,4.90109037786124,3.29690080862926,3.29690080862926,6.51175273797047,4.39264016869589,4.39264016869589
"81","Eulemur albifrons","White-fronted Lemur","mammalia",FALSE,TRUE,"Decreasing","EN","A2cde",2920,7.99452429842574,6.69670084631926,2.84872771102431,2.84872771102431,9.8381456326306,4.22620891478137,4.22620891478137,14.449622653224,6.29995612976448,6.29995612976448
"82","Eulemur collaris","Collared Brown Lemur","mammalia",FALSE,TRUE,"Decreasing","EN","A2cd+3cd+4cd",2920,7.99452429842574,6.69670084631926,2.84872771102431,2.84872771102431,9.8381456326306,4.22620891478137,4.22620891478137,14.449622653224,6.29995612976448,6.29995612976448
"83","Eulemur rubriventer","Red-bellied Lemur","mammalia",FALSE,TRUE,"Decreasing","VU","A2cd",2920,7.99452429842574,3.50389048801824,1.47615984620982,1.47615984620982,4.90109037786124,2.0734970965063,2.0734970965063,6.51175273797047,2.76847924676236,2.76847924676236
"84","Eupetaurus cinereus","Woolly Flying Squirrel","mammalia",FALSE,TRUE,"Unknown","EN","A2c+3c; C1",2015.755102,5.51883669267625,6.69670084631926,4.1001277979106,4.1001277979106,9.8381456326306,6.0635483051015,6.0635483051015,14.449622653224,8.99555904121216,8.99555904121216
"85","Eupleres goudotii","Eastern Falanouc","mammalia",FALSE,TRUE,"Decreasing","VU","A2cde+3cde+4cde",2894.45,7.92457221081451,3.50389048801824,1.48909276045665,1.48909276045665,4.90109037786124,2.09160759065771,2.09160759065771,6.51175273797047,2.79257284072774,2.79257284072774
"86","Galemys pyrenaicus","Pyrenean Desman","mammalia",FALSE,TRUE,"Decreasing","VU","A2ac+3c+4ac",730,1.99863107460643,3.50389048801824,3.50389048801824,5.77517841229603,4.90109037786124,4.90109037786124,8.03957239796208,6.51175273797047,6.51175273797047,10.6224771810323
"87","Gazella dorcas","Dorcas Gazelle","mammalia",TRUE,TRUE,"Decreasing","VU","A2cd",2190,5.9958932238193,3.50389048801824,1.96335481659702,1.96335481659702,4.90109037786124,2.75506418670095,2.75506418670095,6.51175273797047,3.6741674786795,3.6741674786795
"88","Gazella gazella","Mountain Gazelle","mammalia",TRUE,TRUE,"Decreasing","EN","A2acd",2190,5.9958932238193,6.69670084631926,3.78015418708458,3.78015418708458,9.8381456326306,5.59487498554474,5.59487498554474,14.449622653224,8.31047441508587,8.31047441508587
"89","Gazella spekei","Speke's Gazelle","mammalia",FALSE,TRUE,"Decreasing","EN","A2cd",2190,5.9958932238193,6.69670084631926,3.78015418708458,3.78015418708458,9.8381456326306,5.59487498554474,5.59487498554474,14.449622653224,8.31047441508587,8.31047441508587
"90","Gazella subgutturosa","Goitered Gazelle","mammalia",FALSE,TRUE,"Decreasing","VU","A2acd",2496.146667,6.83407711704312,3.50389048801824,1.72464321046997,1.72464321046997,4.90109037786124,2.42128843239936,2.42128843239936,6.51175273797047,3.23090420360819,3.23090420360819
"91","Giraffa camelopardalis","Giraffe","mammalia",TRUE,TRUE,"Decreasing","VU","A2acd",5251.011667,14.3764864257358,3.50389048801824,0.823576691323413,0.823576691323413,4.90109037786124,1.15839741153954,1.15839741153954,6.51175273797047,1.5490934175895,1.5490934175895
"92","Gymnobelideus leadbeateri","Leadbeater's Possum","mammalia",FALSE,TRUE,"Decreasing","CR","A2abc+3bc+4abc",1587.5675,4.34652292950034,14.8660077479215,11.6114044543055,11.6114044543055,20.1786754970349,15.8730105904348,15.8730105904348,36.9042655519807,29.7541462993223,29.7541462993223
"93","Haeromys pusillus","Sundaic Haeromys","mammalia",FALSE,TRUE,"Decreasing","VU","A2c",624.3996409,1.70951304832307,3.50389048801824,3.50389048801824,6.71837885909935,4.90109037786124,4.90109037786124,9.33387185130964,6.51175273797047,6.51175273797047,12.3039770778738
"94","Hapalemur alaotrensis","Alaotra Reed Lemur","mammalia",FALSE,TRUE,"Decreasing","CR","A2cd",3285,8.99383983572895,14.8660077479215,5.79054515374959,5.79054515374959,20.1786754970349,8.01374848378401,8.01374848378401,36.9042655519807,15.690756921472,15.690756921472
"95","Hapalemur griseus","Eastern Lesser Bamboo Lemur","mammalia",FALSE,TRUE,"Decreasing","VU","A2cd",3285,8.99383983572895,3.50389048801824,1.3132240879825,1.3132240879825,4.90109037786124,1.84524817168165,1.84524817168165,6.51175273797047,2.46469475489302,2.46469475489302
"96","Hapalemur occidentalis","Sambirano Lesser Bamboo Lemur","mammalia",FALSE,TRUE,"Decreasing","VU","A2cd",3285,8.99383983572895,3.50389048801824,1.3132240879825,1.3132240879825,4.90109037786124,1.84524817168165,1.84524817168165,6.51175273797047,2.46469475489302,2.46469475489302
"97","Harpyionycteris celebensis","Sulawesi Harpy Fruit Bat","mammalia",FALSE,TRUE,"Decreasing","VU","A2d",1825,4.99657768651609,3.50389048801824,2.35137563054822,2.35137563054822,4.90109037786124,3.29690080862926,3.29690080862926,6.51175273797047,4.39264016869589,4.39264016869589
"98","Helarctos malayanus","Sun Bear","mammalia",TRUE,TRUE,"Decreasing","VU","A2cd+3cd+4cd",3650,9.99315537303217,3.50389048801824,1.18268149284166,1.18268149284166,4.90109037786124,1.66226604635902,1.66226604635902,6.51175273797047,2.22098393248984,2.22098393248984
"99","Hesperoptenus tomesi","Large False Serotine","mammalia",FALSE,TRUE,"Decreasing","VU","A2c+3c",1825,4.99657768651609,3.50389048801824,2.35137563054822,2.35137563054822,4.90109037786124,3.29690080862926,3.29690080862926,6.51175273797047,4.39264016869589,4.39264016869589
"100","Hippocamelus antisensis","Taruca","mammalia",FALSE,TRUE,"Decreasing","VU","A2cd; C2a(i)",1459.26,3.99523613963039,3.50389048801824,2.93199330137917,2.93199330137917,4.90109037786124,4.10603813183795,4.10603813183795,6.51175273797047,5.4630056297866,5.4630056297866
"101","Hydropotes inermis","Water Deer","mammalia",FALSE,TRUE,"Decreasing","VU","A2cd",2190,5.9958932238193,3.50389048801824,1.96335481659702,1.96335481659702,4.90109037786124,2.75506418670095,2.75506418670095,6.51175273797047,3.6741674786795,3.6741674786795
"102","Hylobates agilis","Agile Gibbon","mammalia",FALSE,TRUE,"Decreasing","EN","A2cd",5475,14.9897330595483,6.69670084631926,1.52956359339727,1.52956359339727,9.8381456326306,2.27667648263158,2.27667648263158,14.449622653224,3.41095096512041,3.41095096512041
"103","Hylobates klossii","Kloss’s Gibbon","mammalia",FALSE,TRUE,"Decreasing","EN","A2cd",5475,14.9897330595483,6.69670084631926,1.52956359339727,1.52956359339727,9.8381456326306,2.27667648263158,2.27667648263158,14.449622653224,3.41095096512041,3.41095096512041
"104","Hylobates lar","Lar Gibbon","mammalia",TRUE,TRUE,"Decreasing","EN","A2cd",5475,14.9897330595483,6.69670084631926,1.52956359339727,1.52956359339727,9.8381456326306,2.27667648263158,2.27667648263158,14.449622653224,3.41095096512041,3.41095096512041
"105","Hylobates muelleri","Bornean Gibbon","mammalia",FALSE,TRUE,"Decreasing","EN","A2cd",5475,14.9897330595483,6.69670084631926,1.52956359339727,1.52956359339727,9.8381456326306,2.27667648263158,2.27667648263158,14.449622653224,3.41095096512041,3.41095096512041
"106","Inia geoffrensis","Amazon River Dolphin","mammalia",TRUE,TRUE,"Decreasing","EN","A2acd+3cd+4acd",4840.09,13.2514442162902,6.69670084631926,1.72846411162605,1.72846411162605,9.8381456326306,2.57145357505261,2.57145357505261,14.449622653224,3.84967171195716,3.84967171195716
"107","Kerivoula flora","Flores Woolly Bat","mammalia",FALSE,TRUE,"Decreasing","VU","A2c+3c",1825,4.99657768651609,3.50389048801824,2.35137563054822,2.35137563054822,4.90109037786124,3.29690080862926,3.29690080862926,6.51175273797047,4.39264016869589,4.39264016869589
"108","Kobus megaceros","Nile Lechwe","mammalia",FALSE,TRUE,"Decreasing","EN","A2acd",2555,6.99520876112252,6.69670084631926,3.24900947423726,3.24900947423726,9.8381456326306,4.81519317103433,4.81519317103433,14.449622653224,7.16694942778309,7.16694942778309
"109","Lagothrix cana","Peruvian Woolly Monkey","mammalia",FALSE,TRUE,"Decreasing","EN","A2cd",5475,14.9897330595483,6.69670084631926,1.52956359339727,1.52956359339727,9.8381456326306,2.27667648263158,2.27667648263158,14.449622653224,3.41095096512041,3.41095096512041
"110","Lagothrix poeppigii","Poeppig's Woolly Monkey","mammalia",FALSE,TRUE,"Decreasing","VU","A2cd",5475,14.9897330595483,3.50389048801824,0.790016705117125,0.790016705117125,4.90109037786124,1.11127041106835,1.11127041106835,6.51175273797047,1.48619162335029,1.48619162335029
"111","Lasiurus minor","Minor Red Bat","mammalia",FALSE,TRUE,"Decreasing","VU","A2c",2051.666208,5.61715594250513,3.50389048801824,2.09433849702386,2.09433849702386,4.90109037786124,2.93806950089742,2.93806950089742,6.51175273797047,3.91698420345797,3.91698420345797
"112","Leontopithecus chrysomelas","Golden-headed Lion Tamarin","mammalia",TRUE,TRUE,"Decreasing","EN","A2c",2555,6.99520876112252,6.69670084631926,3.24900947423726,3.24900947423726,9.8381456326306,4.81519317103433,4.81519317103433,14.449622653224,7.16694942778309,7.16694942778309
"113","Leopardus guigna","Guiña","mammalia",FALSE,TRUE,"Decreasing","VU","A2abc; C2a(i)",2190,5.9958932238193,3.50389048801824,1.96335481659702,1.96335481659702,4.90109037786124,2.75506418670095,2.75506418670095,6.51175273797047,3.6741674786795,3.6741674786795
"114","Leopardus tigrinus","Northern Tiger Cat","mammalia",FALSE,TRUE,"Decreasing","VU","A2c",2190,5.9958932238193,3.50389048801824,1.96335481659702,1.96335481659702,4.90109037786124,2.75506418670095,2.75506418670095,6.51175273797047,3.6741674786795,3.6741674786795
"115","Lepilemur septentrionalis","Sahafary Sportive Lemur","mammalia",FALSE,TRUE,"Decreasing","CR","A2acd+3cd+4cd; B2ab(i,ii,iii,v); C2a(i,ii); D",1637.770967,4.48397253114305,14.8660077479215,11.2763544680291,11.2763544680291,20.1786754970349,15.4261026577875,15.4261026577875,36.9042655519807,28.989542201641,28.989542201641
"116","Leptonycteris curasoae","Curaçaoan Long-nosed Bat","mammalia",TRUE,TRUE,"Decreasing","VU","A2c",2064.27635,5.65168062970568,3.50389048801824,2.08167881233436,2.08167881233436,4.90109037786124,2.92038624900223,2.92038624900223,6.51175273797047,3.89352834205809,3.89352834205809
"117","Leptonycteris nivalis","Greater Long-nosed Bat","mammalia",FALSE,TRUE,"Decreasing","EN","A2c",2064.27635,5.65168062970568,6.69670084631926,4.00571029280383,4.00571029280383,9.8381456326306,5.92533286812775,5.92533286812775,14.449622653224,8.7937019483778,8.7937019483778
"118","Lepus callotis","White-sided Jackrabbit","mammalia",FALSE,TRUE,"Decreasing","VU","A2bcde",1047.27668,2.86728728268309,3.50389048801824,3.50389048801824,4.06169465825655,4.90109037786124,4.90109037786124,5.67469659430927,6.51175273797047,6.51175273797047,7.52935390727891
"119","Lepus corsicanus","Corsican Hare","mammalia",FALSE,TRUE,"Decreasing","VU","A2bcde",1047.27668,2.86728728268309,3.50389048801824,3.50389048801824,4.06169465825655,4.90109037786124,4.90109037786124,5.67469659430927,6.51175273797047,6.51175273797047,7.52935390727891
"120","Lepus flavigularis","Tehuantepec Jackrabbit","mammalia",TRUE,TRUE,"Decreasing","EN","A2bcd; B1ab(iii)c(iv)+2ab(iii)c(iv)",1047.27668,2.86728728268309,6.69670084631926,6.69670084631926,7.74198875315473,9.8381456326306,9.8381456326306,11.34315109982,14.449622653224,14.449622653224,16.5924530410542
"121","Lophocebus albigena","Grey-cheeked Mangabey","mammalia",TRUE,TRUE,"Decreasing","VU","A2cd",4682.9135,12.8211184120465,3.50389048801824,0.923024781963322,0.923024781963322,4.90109037786124,1.29801025230886,1.29801025230886,6.51175273797047,1.73537894120718,1.73537894120718
"122","Lophocebus aterrimus","Black Mangabey","mammalia",FALSE,TRUE,"Decreasing","VU","A2cd",3285,8.99383983572895,3.50389048801824,1.3132240879825,1.3132240879825,4.90109037786124,1.84524817168165,1.84524817168165,6.51175273797047,2.46469475489302,2.46469475489302
"123","Loxodonta africana","African Elephant","mammalia",TRUE,TRUE,"Increasing","VU","A2a",9125,24.9828884325804,3.50389048801824,0.47476174909612,0.47476174909612,4.90109037786124,0.668251889644611,0.668251889644611,6.51175273797047,0.894384041090646,0.894384041090646
"124","Lutra sumatrana","Hairy-nosed Otter","mammalia",FALSE,TRUE,"Decreasing","EN","A2cde",3650,9.99315537303217,6.69670084631926,2.28554952716388,2.28554952716388,9.8381456326306,3.39550312400438,3.39550312400438,14.449622653224,5.07254548928852,5.07254548928852
"125","Lutrogale perspicillata","Smooth-coated Otter","mammalia",TRUE,TRUE,"Decreasing","VU","A2cde",3650,9.99315537303217,3.50389048801824,1.18268149284166,1.18268149284166,4.90109037786124,1.66226604635902,1.66226604635902,6.51175273797047,2.22098393248984,2.22098393248984
"126","Macaca leonina","Northern Pig-tailed Macaque","mammalia",TRUE,TRUE,"Decreasing","VU","A2cd+3cd+4cd",4015,10.9924709103354,3.50389048801824,1.07574548459258,1.07574548459258,4.90109037786124,1.51229970208653,1.51229970208653,6.51175273797047,2.02113129281826,2.02113129281826
"127","Macaca maura","Moor Macaque","mammalia",FALSE,TRUE,"Decreasing","EN","A2cd",4015,10.9924709103354,6.69670084631926,2.07994902374956,2.07994902374956,9.8381456326306,3.09164514569873,3.09164514569873,14.449622653224,4.62223901108084,4.62223901108084
"128","Macaca nemestrina","Southern Pig-tailed Macaque","mammalia",TRUE,TRUE,"Decreasing","VU","A2cd",4015,10.9924709103354,3.50389048801824,1.07574548459258,1.07574548459258,4.90109037786124,1.51229970208653,1.51229970208653,6.51175273797047,2.02113129281826,2.02113129281826
"129","Macaca nigra","Celebes Crested Macaque","mammalia",FALSE,TRUE,"Decreasing","CR","A2cd",4745,12.9911019849418,14.8660077479215,4.04548455890793,4.04548455890793,20.1786754970349,5.61888591273138,5.61888591273138,36.9042655519807,11.1448050575387,11.1448050575387
"130","Macaca nigrescens","Gorontalo Macaque","mammalia",FALSE,TRUE,"Decreasing","VU","A2cd+3cd+4cd; B1ab(ii,iv)",4745,12.9911019849418,3.50389048801824,0.911002539455408,0.911002539455408,4.90109037786124,1.28113555189598,1.28113555189598,6.51175273797047,1.71286777101431,1.71286777101431
"131","Macaca pagensis","Pagai Island Macaque","mammalia",FALSE,TRUE,"Decreasing","CR","A2cd+4cd",4745,12.9911019849418,14.8660077479215,4.04548455890793,4.04548455890793,20.1786754970349,5.61888591273138,5.61888591273138,36.9042655519807,11.1448050575387,11.1448050575387
"132","Macaca siberu","Siberut Macaque","mammalia",FALSE,TRUE,"Decreasing","VU","A2cd",4745,12.9911019849418,3.50389048801824,0.911002539455408,0.911002539455408,4.90109037786124,1.28113555189598,1.28113555189598,6.51175273797047,1.71286777101431,1.71286777101431
"133","Macaca sinica","Toque Macaque","mammalia",FALSE,TRUE,"Decreasing","EN","A2cd",4745,12.9911019849418,6.69670084631926,1.76279551021424,1.76279551021424,9.8381456326306,2.62230402385573,2.62230402385573,14.449622653224,3.92528515295656,3.92528515295656
"134","Macaca sylvanus","Barbary Macaque","mammalia",TRUE,TRUE,"Decreasing","EN","A2bcd+4bcd",2920,7.99452429842574,6.69670084631926,2.84872771102431,2.84872771102431,9.8381456326306,4.22620891478137,4.22620891478137,14.449622653224,6.29995612976448,6.29995612976448
"135","Macaca tonkeana","Tonkean Macaque","mammalia",FALSE,TRUE,"Decreasing","VU","A2cd+3cd+4cd",4745,12.9911019849418,3.50389048801824,0.911002539455408,0.911002539455408,4.90109037786124,1.28113555189598,1.28113555189598,6.51175273797047,1.71286777101431,1.71286777101431
"136","Macrogalidia musschenbroekii","Sulawesi Civet","mammalia",FALSE,TRUE,"Decreasing","VU","A2cd+3cd+4cd; C1",1825,4.99657768651609,3.50389048801824,2.35137563054822,2.35137563054822,4.90109037786124,3.29690080862926,3.29690080862926,6.51175273797047,4.39264016869589,4.39264016869589
"137","Mandrillus leucophaeus","Drill","mammalia",FALSE,TRUE,"Unknown","EN","A2cd",3650,9.99315537303217,6.69670084631926,2.28554952716388,2.28554952716388,9.8381456326306,3.39550312400438,3.39550312400438,14.449622653224,5.07254548928852,5.07254548928852
"138","Mandrillus sphinx","Mandrill","mammalia",FALSE,TRUE,"Decreasing","VU","A2cd",3650,9.99315537303217,3.50389048801824,1.18268149284166,1.18268149284166,4.90109037786124,1.66226604635902,1.66226604635902,6.51175273797047,2.22098393248984,2.22098393248984
"139","Manis javanica","Sunda Pangolin","mammalia",TRUE,TRUE,"Decreasing","CR","A2d+3d+4d",1825,4.99657768651609,14.8660077479215,10.1806137214433,10.1806137214433,20.1786754970349,13.9598302151096,13.9598302151096,36.9042655519807,26.4512421413005,26.4512421413005
"140","Marmosa xerophila","Dryland Mouse Opossum","mammalia",FALSE,TRUE,"Decreasing","VU","A2c",568.63755,1.55684476386037,3.50389048801824,3.50389048801824,7.35239225075786,4.90109037786124,4.90109037786124,10.2008922248136,6.51175273797047,6.51175273797047,13.4258258559104
"141","Marmota sibirica","Mongolian Marmot","mammalia",FALSE,TRUE,"Decreasing","EN","A2ad",2190,5.9958932238193,6.69670084631926,3.78015418708458,3.78015418708458,9.8381456326306,5.59487498554474,5.59487498554474,14.449622653224,8.31047441508587,8.31047441508587
"142","Maxomys rajah","Rajah Sundaic Maxomys","mammalia",TRUE,TRUE,"Decreasing","VU","A2c",639.6318318,1.75121651416838,3.50389048801824,3.50389048801824,6.5637583834512,4.90109037786124,4.90109037786124,9.12206024861775,6.51175273797047,6.51175273797047,12.0293552866995
"143","Maxomys whiteheadi","Whitehead’s Sundaic Maxomys","mammalia",TRUE,TRUE,"Decreasing","VU","A2c",624.3996409,1.70951304832307,3.50389048801824,3.50389048801824,6.71837885909935,4.90109037786124,4.90109037786124,9.33387185130964,6.51175273797047,6.51175273797047,12.3039770778738
"144","Mazama pandora","Yucatan Brown Brocket","mammalia",FALSE,TRUE,"Decreasing","VU","A2c",2190,5.9958932238193,3.50389048801824,1.96335481659702,1.96335481659702,4.90109037786124,2.75506418670095,2.75506418670095,6.51175273797047,3.6741674786795,3.6741674786795
"145","Mesembriomys gouldii","Black-footed Tree-rat","mammalia",TRUE,TRUE,"Decreasing","VU","A2abce+3bce+4abce",712.22605,1.94996865160849,3.50389048801824,3.50389048801824,5.9149528701928,4.90109037786124,4.90109037786124,8.23171264254204,6.51175273797047,6.51175273797047,10.8726092965665
"146","Mico leucippe","Golden-white Bare-ear Marmoset","mammalia",FALSE,TRUE,"Decreasing","VU","A2c",2190,5.9958932238193,3.50389048801824,1.96335481659702,1.96335481659702,4.90109037786124,2.75506418670095,2.75506418670095,6.51175273797047,3.6741674786795,3.6741674786795
"147","Microcebus myoxinus","Peters’ Mouse Lemur","mammalia",FALSE,TRUE,"Decreasing","VU","A2c+4c",2053.5145,5.62221629021218,3.50389048801824,2.09247332188129,2.09247332188129,4.90109037786124,2.93546425288249,2.93546425288249,6.51175273797047,3.91352857643599,3.91352857643599
"148","Mirza coquereli","Coquerel's Giant Mouse Lemur","mammalia",FALSE,TRUE,"Decreasing","EN","A2c+3c+4c",1825,4.99657768651609,6.69670084631926,4.51886168791656,4.51886168791656,9.8381456326306,6.67571183335754,6.67571183335754,14.449622653224,9.88778380116803,9.88778380116803
"149","Mormopterus acetabulosus","Mauritian Free-tailed Bat","mammalia",FALSE,TRUE,"Decreasing","EN","A2b; B1ab(iii)+2ab(iii)",1427.913317,3.90941359890486,6.69670084631926,5.73881517890286,5.73881517890286,9.8381456326306,8.45164508201137,8.45164508201137,14.449622653224,12.4594004720441,12.4594004720441
"150","Moschus anhuiensis","Anhui Musk Deer","mammalia",FALSE,TRUE,"Decreasing","EN","A2cd",2555,6.99520876112252,6.69670084631926,3.24900947423726,3.24900947423726,9.8381456326306,4.81519317103433,4.81519317103433,14.449622653224,7.16694942778309,7.16694942778309
"151","Moschus berezovskii","Forest Musk Deer","mammalia",FALSE,TRUE,"Decreasing","EN","A2cd",2555,6.99520876112252,6.69670084631926,3.24900947423726,3.24900947423726,9.8381456326306,4.81519317103433,4.81519317103433,14.449622653224,7.16694942778309,7.16694942778309
"152","Moschus chrysogaster","Alpine Musk Deer","mammalia",FALSE,TRUE,"Decreasing","EN","A2cd",2555,6.99520876112252,6.69670084631926,3.24900947423726,3.24900947423726,9.8381456326306,4.81519317103433,4.81519317103433,14.449622653224,7.16694942778309,7.16694942778309
"153","Moschus cupreus","Kashmir Muskdeer","mammalia",FALSE,TRUE,"Decreasing","EN","A2d",2555,6.99520876112252,6.69670084631926,3.24900947423726,3.24900947423726,9.8381456326306,4.81519317103433,4.81519317103433,14.449622653224,7.16694942778309,7.16694942778309
"154","Moschus fuscus","Black Musk Deer","mammalia",FALSE,TRUE,"Decreasing","EN","A2cd",2555,6.99520876112252,6.69670084631926,3.24900947423726,3.24900947423726,9.8381456326306,4.81519317103433,4.81519317103433,14.449622653224,7.16694942778309,7.16694942778309
"155","Moschus leucogaster","Himalayan Muskdeer","mammalia",FALSE,TRUE,"Decreasing","EN","A2d",2555,6.99520876112252,6.69670084631926,3.24900947423726,3.24900947423726,9.8381456326306,4.81519317103433,4.81519317103433,14.449622653224,7.16694942778309,7.16694942778309
"156","Moschus moschiferus","Siberian Musk Deer","mammalia",TRUE,TRUE,"Decreasing","VU","A2d+3d+4d",2190,5.9958932238193,3.50389048801824,1.96335481659702,1.96335481659702,4.90109037786124,2.75506418670095,2.75506418670095,6.51175273797047,3.6741674786795,3.6741674786795
"157","Muntiacus crinifrons","Black Muntjac","mammalia",FALSE,TRUE,"Decreasing","VU","A2cd",2190,5.9958932238193,3.50389048801824,1.96335481659702,1.96335481659702,4.90109037786124,2.75506418670095,2.75506418670095,6.51175273797047,3.6741674786795,3.6741674786795
"158","Murina aenea","Bronze Tube-nosed Bat","mammalia",FALSE,TRUE,"Decreasing","VU","A2c+3c",1825,4.99657768651609,3.50389048801824,2.35137563054822,2.35137563054822,4.90109037786124,3.29690080862926,3.29690080862926,6.51175273797047,4.39264016869589,4.39264016869589
"159","Murina rozendaali","Gilded Tube-nosed Bat","mammalia",FALSE,TRUE,"Decreasing","VU","A2c+3c",1825,4.99657768651609,3.50389048801824,2.35137563054822,2.35137563054822,4.90109037786124,3.29690080862926,3.29690080862926,6.51175273797047,4.39264016869589,4.39264016869589
"160","Myotis vivesi","Fish-eating Bat","mammalia",FALSE,TRUE,"Decreasing","VU","A2ae",2504.38545,6.85663367556468,3.50389048801824,1.71901862629134,1.71901862629134,4.90109037786124,2.41341992065561,2.41341992065561,6.51175273797047,3.22044837975006,3.22044837975006
"161","Myrmecophaga tridactyla","Giant Anteater","mammalia",FALSE,TRUE,"Decreasing","VU","A2c",4124.5275,11.292340862423,3.50389048801824,1.04732901320298,1.04732901320298,4.90109037786124,1.47243747964525,1.47243747964525,6.51175273797047,1.96799149362091,1.96799149362091
"162","Mysateles melanurus","Black-tailed Hutia","mammalia",FALSE,TRUE,"Decreasing","VU","A2cd",3650,9.99315537303217,3.50389048801824,1.18268149284166,1.18268149284166,4.90109037786124,1.66226604635902,1.66226604635902,6.51175273797047,2.22098393248984,2.22098393248984
"163","Naemorhedus caudatus","Long-tailed Goral","mammalia",FALSE,TRUE,"Decreasing","VU","A2cd",2555,6.99520876112252,3.50389048801824,1.68525345545091,1.68525345545091,4.90109037786124,2.3661802660969,2.3661802660969,6.51175273797047,3.15766942918758,3.15766942918758
"164","Naemorhedus griseus","Chinese Goral","mammalia",FALSE,TRUE,"Decreasing","VU","A2d",2555,6.99520876112252,3.50389048801824,1.68525345545091,1.68525345545091,4.90109037786124,2.3661802660969,2.3661802660969,6.51175273797047,3.15766942918758,3.15766942918758
"165","Nasalis larvatus","Proboscis Monkey","mammalia",FALSE,TRUE,"Decreasing","EN","A2cd",4015,10.9924709103354,6.69670084631926,2.07994902374956,2.07994902374956,9.8381456326306,3.09164514569873,3.09164514569873,14.449622653224,4.62223901108084,4.62223901108084
"166","Neofelis diardi","Sunda Clouded Leopard","mammalia",FALSE,TRUE,"Decreasing","VU","A2c; C1",2664.41,7.29475701574264,3.50389048801824,1.61661352186436,1.61661352186436,4.90109037786124,2.27012811465308,2.27012811465308,6.51175273797047,3.0299894659546,3.0299894659546
"167","Neofelis nebulosa","Clouded Leopard","mammalia",TRUE,TRUE,"Decreasing","VU","A2cd+3cd",2550.887933,6.98395053524983,3.50389048801824,1.68794704975165,1.68794704975165,4.90109037786124,2.36994902202474,2.36994902202474,6.51175273797047,3.16267828143225,3.16267828143225
"168","Neophoca cinerea","Australian Sea Lion","mammalia",FALSE,TRUE,"Decreasing","EN","A2bd",4599,12.5913757700205,6.69670084631926,1.8182454473689,1.8182454473689,9.8381456326306,2.7044159590272,2.7044159590272,14.449622653224,4.04734144625941,4.04734144625941
"169","Neophocaena asiaeorientalis","Narrow-ridged Finless Porpoise","mammalia",FALSE,TRUE,"Decreasing","EN","A2bcde+3bcde+4bcde",6095.5,16.6885694729637,6.69670084631926,1.37493514984408,1.37493514984408,9.8381456326306,2.04730867673657,2.04730867673657,14.449622653224,3.06911524204492,3.06911524204492
"170","Neophocaena phocaenoides","Indo-Pacific Finless Porpoise","mammalia",TRUE,TRUE,"Decreasing","VU","A2cde+3cde+4cde",5840,15.9890485968515,3.50389048801824,0.740824024279663,0.740824024279663,4.90109037786124,1.04217923605345,1.04217923605345,6.51175273797047,1.39395517858064,1.39395517858064
"171","Neophocaena phocaenoides","Indo-Pacific Finless Porpoise","mammalia",TRUE,TRUE,"Decreasing","VU","A2cde+3cde+4cde",6095.5,16.6885694729637,3.50389048801824,0.709882005798301,0.709882005798301,4.90109037786124,0.998713962170317,0.998713962170317,6.51175273797047,1.33591799102141,1.33591799102141
"172","Nesokia bunnii","Bunni's Short-tailed Bandicoot Rat","mammalia",FALSE,TRUE,"Decreasing","EN","A2c",624.3996409,1.70951304832307,6.69670084631926,6.69670084631926,12.6419413917132,9.8381456326306,9.8381456326306,18.285290516628,14.449622653224,14.449622653224,26.2365246194968
"173","Nesolagus timminsi","Annamite Striped Rabbit","mammalia",FALSE,TRUE,"Decreasing","EN","A2d+3d+4d",1104.3199,3.02346310746064,6.69670084631926,6.69670084631926,7.35717517780035,9.8381456326306,9.8381456326306,10.790071198806,14.449622653224,14.449622653224,15.8071024894878
"174","Nomascus concolor","Black Crested Gibbon","mammalia",FALSE,TRUE,"Decreasing","CR","A2cd",5475,14.9897330595483,14.8660077479215,3.51569021022349,3.51569021022349,20.1786754970349,4.88834189436657,4.88834189436657,36.9042655519807,9.73380953754651,9.73380953754651
"175","Nomascus gabriellae","Red-cheeked Gibbon","mammalia",TRUE,TRUE,"Decreasing","EN","A2cd",5475,14.9897330595483,6.69670084631926,1.52956359339727,1.52956359339727,9.8381456326306,2.27667648263158,2.27667648263158,14.449622653224,3.41095096512041,3.41095096512041
"176","Nomascus hainanus","Hainan Gibbon","mammalia",FALSE,TRUE,"Stable","CR","A2acd; B1ab(iii,v)+2ab(iii,v); C2a(ii); D",5475,14.9897330595483,14.8660077479215,3.51569021022349,3.51569021022349,20.1786754970349,4.88834189436657,4.88834189436657,36.9042655519807,9.73380953754651,9.73380953754651
"177","Nomascus leucogenys","Northern White-cheeked Gibbon","mammalia",FALSE,TRUE,"Decreasing","CR","A2cd+3cd",5475,14.9897330595483,14.8660077479215,3.51569021022349,3.51569021022349,20.1786754970349,4.88834189436657,4.88834189436657,36.9042655519807,9.73380953754651,9.73380953754651
"178","Nomascus nasutus","Cao-vit Gibbon","mammalia",TRUE,TRUE,"Decreasing","CR","A2acd; C2a(i); D",5475,14.9897330595483,14.8660077479215,3.51569021022349,3.51569021022349,20.1786754970349,4.88834189436657,4.88834189436657,36.9042655519807,9.73380953754651,9.73380953754651
"179","Nomascus siki","Southern White-cheeked Gibbon","mammalia",FALSE,TRUE,"Decreasing","EN","A2cd",5475,14.9897330595483,6.69670084631926,1.52956359339727,1.52956359339727,9.8381456326306,2.27667648263158,2.27667648263158,14.449622653224,3.41095096512041,3.41095096512041
"180","Nycticebus bengalensis","Bengal Slow Loris","mammalia",FALSE,TRUE,"Decreasing","VU","A2acd+3cd+4acd",2555,6.99520876112252,3.50389048801824,1.68525345545091,1.68525345545091,4.90109037786124,2.3661802660969,2.3661802660969,6.51175273797047,3.15766942918758,3.15766942918758
"181","Nycticebus coucang","Greater Slow Loris","mammalia",FALSE,TRUE,"Decreasing","VU","A2cd",2555,6.99520876112252,3.50389048801824,1.68525345545091,1.68525345545091,4.90109037786124,2.3661802660969,2.3661802660969,6.51175273797047,3.15766942918758,3.15766942918758
"182","Nycticebus javanicus","Javan Slow Loris","mammalia",FALSE,TRUE,"Decreasing","CR","A2cd+4cd",2555,6.99520876112252,14.8660077479215,7.38252930088964,7.38252930088964,20.1786754970349,10.1831040360979,10.1831040360979,36.9042655519807,19.703489327801,19.703489327801
"183","Nycticebus menagensis","Philippine Slow Loris","mammalia",FALSE,TRUE,"Decreasing","VU","A2cd+3cd",2555,6.99520876112252,3.50389048801824,1.68525345545091,1.68525345545091,4.90109037786124,2.3661802660969,2.3661802660969,6.51175273797047,3.15766942918758,3.15766942918758
"184","Nycticebus pygmaeus","Pygmy Slow Loris","mammalia",FALSE,TRUE,"Decreasing","VU","A2cd",2920,7.99452429842574,3.50389048801824,1.47615984620982,1.47615984620982,4.90109037786124,2.0734970965063,2.0734970965063,6.51175273797047,2.76847924676236,2.76847924676236
"185","Ochotona iliensis","Ili Pika","mammalia",FALSE,TRUE,"Decreasing","EN","A2abc",751.47417,2.05742414784394,6.69670084631926,6.69670084631926,10.6224058203777,9.8381456326306,9.8381456326306,15.4467512240101,14.449622653224,14.449622653224,22.3414212593767
"186","Ochotona koslowi","Kozlov's Pika","mammalia",FALSE,TRUE,"Decreasing","EN","A2c",751.47417,2.05742414784394,6.69670084631926,6.69670084631926,10.6224058203777,9.8381456326306,9.8381456326306,15.4467512240101,14.449622653224,14.449622653224,22.3414212593767
"187","Okapia johnstoni","Okapi","mammalia",FALSE,TRUE,"Decreasing","EN","A2abcd+4abcd",4764.235717,13.0437665078713,6.69670084631926,1.75574103128013,1.75574103128013,9.8381456326306,2.61185589675501,2.61185589675501,14.449622653224,3.90975066315646,3.90975066315646
"188","Orcaella brevirostris","Irrawaddy Dolphin","mammalia",TRUE,TRUE,"Decreasing","CR","A2cd+3cd+4cd",5475,14.9897330595483,14.8660077479215,3.51569021022349,3.51569021022349,20.1786754970349,4.88834189436657,4.88834189436657,36.9042655519807,9.73380953754651,9.73380953754651
"189","Orcaella heinsohni","Australian Snubfin Dolphin","mammalia",TRUE,TRUE,"Decreasing","VU","A2cd+3cd+4cd; C2a(i)",5475,14.9897330595483,3.50389048801824,0.790016705117125,0.790016705117125,4.90109037786124,1.11127041106835,1.11127041106835,6.51175273797047,1.48619162335029,1.48619162335029
"190","Oryctolagus cuniculus","European Rabbit","mammalia",TRUE,TRUE,"Decreasing","EN","A2abce",1515.3536,4.14881204654346,6.69670084631926,5.41680930471964,5.41680930471964,9.8381456326306,7.98398542117583,7.98398542117583,14.449622653224,11.7846433022516,11.7846433022516
"191","Oryx beisa","Beisa Oryx","mammalia",TRUE,TRUE,"Decreasing","EN","A2bd",2555,6.99520876112252,6.69670084631926,3.24900947423726,3.24900947423726,9.8381456326306,4.81519317103433,4.81519317103433,14.449622653224,7.16694942778309,7.16694942778309
"192","Ovis orientalis","Mouflon","mammalia",TRUE,TRUE,"Decreasing","VU","A2cde",2920,7.99452429842574,3.50389048801824,1.47615984620982,1.47615984620982,4.90109037786124,2.0734970965063,2.0734970965063,6.51175273797047,2.76847924676236,2.76847924676236
"193","Panthera leo","Lion","mammalia",TRUE,TRUE,"Decreasing","VU","A2abcd",2190,5.9958932238193,3.50389048801824,1.96335481659702,1.96335481659702,4.90109037786124,2.75506418670095,2.75506418670095,6.51175273797047,3.6741674786795,3.6741674786795
"194","Panthera pardus","Leopard","mammalia",TRUE,TRUE,"Decreasing","VU","A2cd",3400.645433,9.31045977549624,3.50389048801824,1.26884995163949,1.26884995163949,4.90109037786124,1.78305984838112,1.78305984838112,6.51175273797047,2.38188447972487,2.38188447972487
"195","Panthera tigris","Tiger","mammalia",TRUE,TRUE,"Decreasing","EN","A2abcd; C1",2920,7.99452429842574,6.69670084631926,2.84872771102431,2.84872771102431,9.8381456326306,4.22620891478137,4.22620891478137,14.449622653224,6.29995612976448,6.29995612976448
"196","Perameles gunnii","Eastern Barred Bandicoot","mammalia",TRUE,TRUE,"Decreasing","VU","A2bce+3bce+4bce",706.1569,1.93335222450376,3.50389048801824,3.50389048801824,5.96424268690783,4.90109037786124,4.90109037786124,8.29944081252569,6.51175273797047,6.51175273797047,10.9607368115346
"197","Petauroides volans","Greater Glider","mammalia",FALSE,TRUE,"Decreasing","VU","A2bc+3bc+4bc",2106.05,5.76605065023956,3.50389048801824,2.04081281995501,2.04081281995501,4.90109037786124,2.86329759165624,2.86329759165624,6.51175273797047,3.8177934647174,3.8177934647174
"198","Petinomys genibarbis","Whiskered Flying Squirrel","mammalia",FALSE,TRUE,"Decreasing","VU","A2c+3c+4c",1384.121263,3.78951748939083,3.50389048801824,3.08867706964171,3.08867706964171,4.90109037786124,4.32405113721296,4.32405113721296,6.51175273797047,5.75088007167393,5.75088007167393
"199","Petinomys setosus","Temminck's Flying Squirrel","mammalia",FALSE,TRUE,"Decreasing","VU","A2c+3c+4c",1239.298869,3.39301538398357,3.50389048801824,3.44333178648122,3.44333178648122,4.90109037786124,4.81699257523636,4.81699257523636,6.51175273797047,6.40096046050217,6.40096046050217
"200","Petinomys vordermanni","Vordermann's Flying Squirrel","mammalia",FALSE,TRUE,"Decreasing","VU","A2c+3c+4c",1239.298869,3.39301538398357,3.50389048801824,3.44333178648122,3.44333178648122,4.90109037786124,4.81699257523636,4.81699257523636,6.51175273797047,6.40096046050217,6.40096046050217
"201","Petrogale penicillata","Brush-tailed Rock Wallaby","mammalia",TRUE,TRUE,"Decreasing","VU","A2bce+3bce+4bce",1965.66275,5.38169130732375,3.50389048801824,2.18496359747259,2.18496359747259,4.90109037786124,3.0646287963191,3.0646287963191,6.51175273797047,4.08481574079953,4.08481574079953
"202","Phaner furcifer","Masoala Fork-marked Lemur","mammalia",FALSE,TRUE,"Decreasing","VU","A2c+3c+4c",2099.6331,5.74848213552361,3.50389048801824,2.04698567734563,2.04698567734563,4.90109037786124,2.87192152667723,2.87192152667723,6.51175273797047,3.82923510811137,3.82923510811137
"203","Phaner pallescens","Pale Fork-marked Lemur","mammalia",FALSE,TRUE,"Decreasing","EN","A2c+3c+4c",2099.6331,5.74848213552361,6.69670084631926,3.93960284080989,3.93960284080989,9.8381456326306,5.82851982179649,5.82851982179649,14.449622653224,8.65222150800663,8.65222150800663
"204","Phascolarctos cinereus","Koala","mammalia",TRUE,TRUE,"Decreasing","VU","A2b+3bce+4bce",2746.4425,7.51934976043806,3.50389048801824,1.56870823632913,1.56870823632913,4.90109037786124,2.20307501324412,2.20307501324412,6.51175273797047,2.9408319989913,2.9408319989913
"205","Phataginus tricuspis","White-bellied Pangolin","mammalia",FALSE,TRUE,"Decreasing","EN","A2c+4cd",1825,4.99657768651609,6.69670084631926,4.51886168791656,4.51886168791656,9.8381456326306,6.67571183335754,6.67571183335754,14.449622653224,9.88778380116803,9.88778380116803
"206","Phocoena sinus","Vaquita","mammalia",TRUE,TRUE,"Decreasing","CR","A2a+4d; C1+2a(ii); D; E",3650,9.99315537303217,14.8660077479215,5.22690979051242,5.22690979051242,20.1786754970349,7.24215947700678,7.24215947700678,36.9042655519807,14.2394275563068,14.2394275563068
"207","Platanista gangetica","South Asian River Dolphin","mammalia",TRUE,TRUE,"Unknown","EN","A2abcde+3bcde+4abcde",6935,18.9869952087611,6.69670084631926,1.20950654409614,1.20950654409614,9.8381456326306,1.80172366100432,1.80172366100432,14.449622653224,2.70266029533532,2.70266029533532
"208","Platyrrhinus chocoensis","Choco Broad-nosed Bat","mammalia",FALSE,TRUE,"Decreasing","VU","A2c",2064.27635,5.65168062970568,3.50389048801824,2.08167881233436,2.08167881233436,4.90109037786124,2.92038624900223,2.92038624900223,6.51175273797047,3.89352834205809,3.89352834205809
"209","Presbytis chrysomelas","Bornean Banded langur","mammalia",FALSE,TRUE,"Decreasing","CR","A2cd",3650,9.99315537303217,14.8660077479215,5.22690979051242,5.22690979051242,20.1786754970349,7.24215947700678,7.24215947700678,36.9042655519807,14.2394275563068,14.2394275563068
"210","Presbytis frontata","White-fronted Langur","mammalia",FALSE,TRUE,"Decreasing","VU","A2cd",3650,9.99315537303217,3.50389048801824,1.18268149284166,1.18268149284166,4.90109037786124,1.66226604635902,1.66226604635902,6.51175273797047,2.22098393248984,2.22098393248984
"211","Presbytis hosei","Hose’s Langur","mammalia",FALSE,TRUE,"Decreasing","VU","A2cd",3650,9.99315537303217,3.50389048801824,1.18268149284166,1.18268149284166,4.90109037786124,1.66226604635902,1.66226604635902,6.51175273797047,2.22098393248984,2.22098393248984
"212","Presbytis melalophos","Sumatran Surili","mammalia",FALSE,TRUE,"Decreasing","EN","A2cd",3650,9.99315537303217,6.69670084631926,2.28554952716388,2.28554952716388,9.8381456326306,3.39550312400438,3.39550312400438,14.449622653224,5.07254548928852,5.07254548928852
"213","Presbytis potenziani","Mentawai Langur","mammalia",FALSE,TRUE,"Decreasing","EN","A2cd",4745,12.9911019849418,6.69670084631926,1.76279551021424,1.76279551021424,9.8381456326306,2.62230402385573,2.62230402385573,14.449622653224,3.92528515295656,3.92528515295656
"214","Presbytis thomasi","Thomas’s Langur","mammalia",FALSE,TRUE,"Decreasing","VU","A2c",4745,12.9911019849418,3.50389048801824,0.911002539455408,0.911002539455408,4.90109037786124,1.28113555189598,1.28113555189598,6.51175273797047,1.71286777101431,1.71286777101431
"215","Priodontes maximus","Giant Armadillo","mammalia",TRUE,TRUE,"Decreasing","VU","A2cd",1979.1637,5.41865489390828,3.50389048801824,2.17022169542122,2.17022169542122,4.90109037786124,3.04404477587756,3.04404477587756,6.51175273797047,4.05752413620479,4.05752413620479
"216","Prionailurus viverrinus","Fishing Cat","mammalia",FALSE,TRUE,"Decreasing","VU","A2cd+3cd+4cd",2190,5.9958932238193,3.50389048801824,1.96335481659702,1.96335481659702,4.90109037786124,2.75506418670095,2.75506418670095,6.51175273797047,3.6741674786795,3.6741674786795
"217","Procolobus verus","Olive Colobus","mammalia",FALSE,TRUE,"Decreasing","VU","A2cd+4cd",3285,8.99383983572895,3.50389048801824,1.3132240879825,1.3132240879825,4.90109037786124,1.84524817168165,1.84524817168165,6.51175273797047,2.46469475489302,2.46469475489302
"218","Propithecus coquereli","Coquerel's Sifaka","mammalia",FALSE,TRUE,"Decreasing","EN","A2acd",3650,9.99315537303217,6.69670084631926,2.28554952716388,2.28554952716388,9.8381456326306,3.39550312400438,3.39550312400438,14.449622653224,5.07254548928852,5.07254548928852
"219","Propithecus coronatus","Crowned Sifaka","mammalia",FALSE,TRUE,"Decreasing","EN","A2acd",3650,9.99315537303217,6.69670084631926,2.28554952716388,2.28554952716388,9.8381456326306,3.39550312400438,3.39550312400438,14.449622653224,5.07254548928852,5.07254548928852
"220","Propithecus deckenii","Van der Decken’s Sifaka","mammalia",TRUE,TRUE,"Decreasing","EN","A2cd+3cd+4cd",3650,9.99315537303217,6.69670084631926,2.28554952716388,2.28554952716388,9.8381456326306,3.39550312400438,3.39550312400438,14.449622653224,5.07254548928852,5.07254548928852
"221","Propithecus edwardsi","Milne-Edward's Sifaka","mammalia",FALSE,TRUE,"Decreasing","EN","A2cd+3cd+4cd",3650,9.99315537303217,6.69670084631926,2.28554952716388,2.28554952716388,9.8381456326306,3.39550312400438,3.39550312400438,14.449622653224,5.07254548928852,5.07254548928852
"222","Propithecus verreauxi","Verreaux's Sifaka","mammalia",FALSE,TRUE,"Decreasing","EN","A2acd+3cd+4acd",3650,9.99315537303217,6.69670084631926,2.28554952716388,2.28554952716388,9.8381456326306,3.39550312400438,3.39550312400438,14.449622653224,5.07254548928852,5.07254548928852
"223","Pseudocheirus occidentalis","Western Ringtail Possum","mammalia",FALSE,TRUE,"Decreasing","CR","A2bce+3bce+4bce",1217.0925,3.33221765913758,14.8660077479215,14.8660077479215,14.8705951790026,20.1786754970349,20.1786754970349,20.184698609441,36.9042655519807,36.9042655519807,36.9139933877552
"224","Pseudomys calabyi","Kakadu Pebble Mouse","mammalia",TRUE,TRUE,"Decreasing","VU","A2bce+3bce+4bce",884.68295,2.42212991101985,3.50389048801824,3.50389048801824,4.79003530850164,4.90109037786124,4.90109037786124,6.68204964654173,6.51175273797047,6.51175273797047,8.85017693304563
"225","Pseudomys fumeus","Smoky Mouse","mammalia",FALSE,TRUE,"Decreasing","VU","A2bce",884.68295,2.42212991101985,3.50389048801824,3.50389048801824,4.79003530850164,4.90109037786124,4.90109037786124,6.68204964654173,6.51175273797047,6.51175273797047,8.85017693304563
"226","Pseudoryx nghetinhensis","Saola","mammalia",FALSE,TRUE,"Decreasing","CR","A2acd+3cd+4acd; C2a(i)",2287.540787,6.26294534428474,14.8660077479215,8.20930603879412,8.20930603879412,20.1786754970349,11.3038711668043,11.3038711668043,36.9042655519807,21.7374831054257,21.7374831054257
"227","Pteralopex anceps","Bougainville Monkey-faced Bat","mammalia",FALSE,TRUE,"Decreasing","EN","A2c",2349.856741,6.43355712799452,6.69670084631926,3.52758875831312,3.52758875831312,9.8381456326306,5.22439176750019,5.22439176750019,14.449622653224,7.76769754547253,7.76769754547253
"228","Pteralopex atrata","Guadalcanal Monkey-faced Bat","mammalia",FALSE,TRUE,"Decreasing","EN","A2cd",2349.856741,6.43355712799452,6.69670084631926,3.52758875831312,3.52758875831312,9.8381456326306,5.22439176750019,5.22439176750019,14.449622653224,7.76769754547253,7.76769754547253
"229","Pteralopex flanneryi","Greater Monkey-faced Bat","mammalia",FALSE,TRUE,"Decreasing","CR","A2cd",2349.856741,6.43355712799452,14.8660077479215,8.00055712155934,8.00055712155934,20.1786754970349,11.0212738783918,11.0212738783918,36.9042655519807,21.2271312825583,21.2271312825583
"230","Pteromyscus pulverulentus","Smoky Flying Squirrel","mammalia",FALSE,TRUE,"Decreasing","EN","A2c+3c+4c",1384.121263,3.78951748939083,6.69670084631926,5.91490760645389,5.91490760645389,9.8381456326306,8.70705636774852,8.70705636774852,14.449622653224,12.8271810706753,12.8271810706753
"231","Pteropus livingstonii","Livingstone's Flying Fox","mammalia",TRUE,TRUE,"Decreasing","CR","A2c",2945.918407,8.0654850294319,14.8660077479215,6.43515328251234,6.43515328251234,20.1786754970349,8.89392201298392,8.89392201298392,36.9042655519807,17.3308896393667,17.3308896393667
"232","Pteropus melanotus","Blyth's Flying Fox","mammalia",FALSE,TRUE,"Decreasing","VU","A2cde",2945.918407,8.0654850294319,3.50389048801824,1.46326797213973,1.46326797213973,4.90109037786124,2.05544310507535,2.05544310507535,6.51175273797047,2.74445931452854,2.74445931452854
"233","Pteropus ornatus","Ornate Flying Fox","mammalia",FALSE,TRUE,"Decreasing","VU","A2cd; B1ab(ii,iii,iv,v)",3650,9.99315537303217,3.50389048801824,1.18268149284166,1.18268149284166,4.90109037786124,1.66226604635902,1.66226604635902,6.51175273797047,2.22098393248984,2.22098393248984
"234","Pteropus poliocephalus","Grey-headed Flying Fox","mammalia",TRUE,TRUE,"Decreasing","VU","A2ace",3037.9511,8.31745681040383,3.50389048801824,1.4192553405086,1.4192553405086,4.90109037786124,1.99379981803294,1.99379981803294,6.51175273797047,2.6624346642687,2.6624346642687
"235","Pteropus rufus","Madagascan Flying Fox","mammalia",FALSE,TRUE,"Decreasing","VU","A2acd",2190,5.9958932238193,3.50389048801824,1.96335481659702,1.96335481659702,4.90109037786124,2.75506418670095,2.75506418670095,6.51175273797047,3.6741674786795,3.6741674786795
"236","Pteropus temminckii","Temminck's Flying Fox","mammalia",FALSE,TRUE,"Decreasing","VU","A2c",2945.918407,8.0654850294319,3.50389048801824,1.46326797213973,1.46326797213973,4.90109037786124,2.05544310507535,2.05544310507535,6.51175273797047,2.74445931452854,2.74445931452854
"237","Pusa caspica","Caspian Seal","mammalia",TRUE,TRUE,"Unknown","EN","A2b",5840,15.9890485968515,6.69670084631926,1.43465503079915,1.43465503079915,9.8381456326306,2.13591512448572,2.13591512448572,14.449622653224,3.20121701682633,3.20121701682633
"238","Pygathrix cinerea","Grey-shanked Douc Langur","mammalia",FALSE,TRUE,"Decreasing","CR","A2cd+3cd+4cd",4015,10.9924709103354,14.8660077479215,4.76324630967788,4.76324630967788,20.1786754970349,6.60604781964406,6.60604781964406,36.9042655519807,13.0334126289683,13.0334126289683
"239","Pygathrix nemaeus","Red-shanked Douc Langur","mammalia",FALSE,TRUE,"Decreasing","EN","A2cd+3cd+4cd",4015,10.9924709103354,6.69670084631926,2.07994902374956,2.07994902374956,9.8381456326306,3.09164514569873,3.09164514569873,14.449622653224,4.62223901108084,4.62223901108084
"240","Pygathrix nigripes","Black-shanked Douc Langur","mammalia",FALSE,TRUE,"Decreasing","EN","A2cd",4015,10.9924709103354,6.69670084631926,2.07994902374956,2.07994902374956,9.8381456326306,3.09164514569873,3.09164514569873,14.449622653224,4.62223901108084,4.62223901108084
"241","Rangifer tarandus","Reindeer","mammalia",TRUE,TRUE,"Decreasing","VU","A2a",1825,4.99657768651609,3.50389048801824,2.35137563054822,2.35137563054822,4.90109037786124,3.29690080862926,3.29690080862926,6.51175273797047,4.39264016869589,4.39264016869589
"242","Redunca fulvorufula","Mountain Reedbuck","mammalia",TRUE,TRUE,"Decreasing","EN","A2ad",1914.52065,5.24167186858316,6.69670084631926,4.31218955519266,4.31218955519266,9.8381456326306,6.373735145714,6.373735145714,14.449622653224,9.44802413639203,9.44802413639203
"243","Rhinopithecus roxellana","Golden Snub-nosed Monkey","mammalia",FALSE,TRUE,"Decreasing","EN","A2ac",4745,12.9911019849418,6.69670084631926,1.76279551021424,1.76279551021424,9.8381456326306,2.62230402385573,2.62230402385573,14.449622653224,3.92528515295656,3.92528515295656
"244","Rhogeessa minutilla","Tiny Yellow Bat","mammalia",FALSE,TRUE,"Decreasing","VU","A2c",2055.239876,5.62694011225188,3.50389048801824,2.09073518102747,2.09073518102747,4.90109037786124,2.93303642614364,2.93303642614364,6.51175273797047,3.91030825438885,3.91030825438885
"245","Rousettus madagascariensis","Madagascan Rousette","mammalia",FALSE,TRUE,"Decreasing","VU","A2d",1825,4.99657768651609,3.50389048801824,2.35137563054822,2.35137563054822,4.90109037786124,3.29690080862926,3.29690080862926,6.51175273797047,4.39264016869589,4.39264016869589
"246","Rousettus spinalatus","Bare-backed Rousette","mammalia",FALSE,TRUE,"Decreasing","VU","A2c+3c",1825,4.99657768651609,3.50389048801824,2.35137563054822,2.35137563054822,4.90109037786124,3.29690080862926,3.29690080862926,6.51175273797047,4.39264016869589,4.39264016869589
"247","Rucervus eldii","Eld's Deer","mammalia",TRUE,TRUE,"Decreasing","EN","A2cd+3cd+4cd",1825,4.99657768651609,6.69670084631926,4.51886168791656,4.51886168791656,9.8381456326306,6.67571183335754,6.67571183335754,14.449622653224,9.88778380116803,9.88778380116803
"248","Rusa marianna","Philippine Deer","mammalia",FALSE,TRUE,"Decreasing","VU","A2cd",2920,7.99452429842574,3.50389048801824,1.47615984620982,1.47615984620982,4.90109037786124,2.0734970965063,2.0734970965063,6.51175273797047,2.76847924676236,2.76847924676236
"249","Rusa unicolor","Sambar","mammalia",TRUE,TRUE,"Decreasing","VU","A2cd+3cd+4cd",3285,8.99383983572895,3.50389048801824,1.3132240879825,1.3132240879825,4.90109037786124,1.84524817168165,1.84524817168165,6.51175273797047,2.46469475489302,2.46469475489302
"250","Saguinus leucopus","Silvery-brown Tamarin","mammalia",FALSE,TRUE,"Decreasing","EN","A2cd",2190,5.9958932238193,6.69670084631926,3.78015418708458,3.78015418708458,9.8381456326306,5.59487498554474,5.59487498554474,14.449622653224,8.31047441508587,8.31047441508587
"251","Saguinus niger","Black-handed Tamarin","mammalia",FALSE,TRUE,"Decreasing","VU","A2c",2190,5.9958932238193,3.50389048801824,1.96335481659702,1.96335481659702,4.90109037786124,2.75506418670095,2.75506418670095,6.51175273797047,3.6741674786795,3.6741674786795
"252","Saguinus oedipus","Cotton-headed Tamarin","mammalia",FALSE,TRUE,"Decreasing","CR","A2cd",2190,5.9958932238193,14.8660077479215,8.55883804493366,8.55883804493366,20.1786754970349,11.776479855602,11.776479855602,36.9042655519807,22.5871983362855,22.5871983362855
"253","Saiga tatarica","Saiga","mammalia",TRUE,TRUE,"Decreasing","CR","A2acd",1700.19755,4.65488720054757,14.8660077479215,10.8857350216635,10.8857350216635,20.1786754970349,14.9042195415786,14.9042195415786,36.9042655519807,28.0913146879148,28.0913146879148
"254","Sarcophilus harrisii","Tasmanian Devil","mammalia",TRUE,TRUE,"Decreasing","EN","A2be+3e",1704.2151,4.66588665297741,6.69670084631926,4.83127240017192,4.83127240017192,9.8381456326306,7.13157438582348,7.13157438582348,14.449622653224,10.5502771866393,10.5502771866393
"255","Semnopithecus hypoleucos","Black-footed Gray Langur","mammalia",FALSE,TRUE,"Decreasing","VU","A2d",3650,9.99315537303217,3.50389048801824,1.18268149284166,1.18268149284166,4.90109037786124,1.66226604635902,1.66226604635902,6.51175273797047,2.22098393248984,2.22098393248984
"256","Simias concolor","Pig-tailed Snub-nosed Langur","mammalia",FALSE,TRUE,"Decreasing","CR","A2cd",4024.409658,11.0182331498973,14.8660077479215,4.75237808352963,4.75237808352963,20.1786754970349,6.59112252449698,6.59112252449698,36.9042655519807,13.0050122527714,13.0050122527714
"257","Smutsia gigantea","Giant Ground Pangolin","mammalia",FALSE,TRUE,"Decreasing","EN","A2cd+4cd",1825,4.99657768651609,6.69670084631926,4.51886168791656,4.51886168791656,9.8381456326306,6.67571183335754,6.67571183335754,14.449622653224,9.88778380116803,9.88778380116803
"258","Solomys ponceleti","Poncelet's Giant Rat","mammalia",FALSE,TRUE,"Decreasing","CR","A2cd",620.3162071,1.69833321587953,14.8660077479215,14.8660077479215,27.0857268276818,20.1786754970349,20.1786754970349,35.7478041095725,36.9042655519807,36.9042655519807,59.4996976595557
"259","Spermophilus citellus","European Souslik","mammalia",TRUE,TRUE,"Decreasing","VU","A2bc",953.1642,2.60962135523614,3.50389048801824,3.50389048801824,4.45367379778161,4.90109037786124,4.90109037786124,6.21722505426221,6.51175273797047,6.51175273797047,8.2413064110634
"260","Spilocuscus wilsoni","Blue-eyed Spotted Cuscus","mammalia",FALSE,TRUE,"Decreasing","CR","A2cd",1740.556575,4.7653841889117,14.8660077479215,10.6472703821906,10.6472703821906,20.1786754970349,14.5851705263864,14.5851705263864,36.9042655519807,27.539350841165,27.539350841165
"261","Spilogale putorius","Eastern Spotted Skunk","mammalia",FALSE,TRUE,"Decreasing","VU","A2abc+3bc+4abc",1257.256817,3.44218156605065,3.50389048801824,3.39499372991608,3.39499372991608,4.90109037786124,4.74985008767842,4.74985008767842,6.51175273797047,6.31248159230801,6.31248159230801
"262","Spilogale pygmaea","Pygmy Spotted Skunk","mammalia",FALSE,TRUE,"Decreasing","VU","A2ce",1825,4.99657768651609,3.50389048801824,2.35137563054822,2.35137563054822,4.90109037786124,3.29690080862926,3.29690080862926,6.51175273797047,4.39264016869589,4.39264016869589
"263","Sus barbatus","Bearded Pig","mammalia",FALSE,TRUE,"Decreasing","VU","A2cd",2555,6.99520876112252,3.50389048801824,1.68525345545091,1.68525345545091,4.90109037786124,2.3661802660969,2.3661802660969,6.51175273797047,3.15766942918758,3.15766942918758
"264","Sus cebifrons","Visayan Warty Pig","mammalia",FALSE,TRUE,"Decreasing","CR","A2cde",2555,6.99520876112252,14.8660077479215,7.38252930088964,7.38252930088964,20.1786754970349,10.1831040360979,10.1831040360979,36.9042655519807,19.703489327801,19.703489327801
"265","Sus philippensis","Philippine Warty Pig","mammalia",FALSE,TRUE,"Decreasing","VU","A2c+4cde",2555,6.99520876112252,3.50389048801824,1.68525345545091,1.68525345545091,4.90109037786124,2.3661802660969,2.3661802660969,6.51175273797047,3.15766942918758,3.15766942918758
"266","Sus verrucosus","Javan Warty Pig","mammalia",FALSE,TRUE,"Decreasing","EN","A2cd",2190,5.9958932238193,6.69670084631926,3.78015418708458,3.78015418708458,9.8381456326306,5.59487498554474,5.59487498554474,14.449622653224,8.31047441508587,8.31047441508587
"267","Sylvilagus transitionalis","New England Cottontail","mammalia",FALSE,TRUE,"Decreasing","VU","A2ce",1089.485,2.98284736481862,3.50389048801824,3.50389048801824,3.90745435619196,4.90109037786124,4.90109037786124,5.46096763628792,6.51175273797047,6.51175273797047,7.24849753069147
"268","Symphalangus syndactylus","Siamang","mammalia",FALSE,TRUE,"Decreasing","EN","A2cd",4745,12.9911019849418,6.69670084631926,1.76279551021424,1.76279551021424,9.8381456326306,2.62230402385573,2.62230402385573,14.449622653224,3.92528515295656,3.92528515295656
"269","Tapirus bairdii","Baird's Tapir","mammalia",TRUE,TRUE,"Decreasing","EN","A2abcd+3bcde",4015,10.9924709103354,6.69670084631926,2.07994902374956,2.07994902374956,9.8381456326306,3.09164514569873,3.09164514569873,14.449622653224,4.62223901108084,4.62223901108084
"270","Tapirus indicus","Malay Tapir","mammalia",TRUE,TRUE,"Decreasing","EN","A2bcd+3bcd; C1",4015,10.9924709103354,6.69670084631926,2.07994902374956,2.07994902374956,9.8381456326306,3.09164514569873,3.09164514569873,14.449622653224,4.62223901108084,4.62223901108084
"271","Tapirus pinchaque","Mountain Tapir","mammalia",FALSE,TRUE,"Decreasing","EN","A2cd+3cd; C1",4015,10.9924709103354,6.69670084631926,2.07994902374956,2.07994902374956,9.8381456326306,3.09164514569873,3.09164514569873,14.449622653224,4.62223901108084,4.62223901108084
"272","Tapirus terrestris","Lowland Tapir","mammalia",TRUE,TRUE,"Decreasing","VU","A2cde+3cde",4015,10.9924709103354,3.50389048801824,1.07574548459258,1.07574548459258,4.90109037786124,1.51229970208653,1.51229970208653,6.51175273797047,2.02113129281826,2.02113129281826
"273","Tarsius bancanus","Horsfield’s Tarsier","mammalia",FALSE,TRUE,"Decreasing","VU","A2cd",2190,5.9958932238193,3.50389048801824,1.96335481659702,1.96335481659702,4.90109037786124,2.75506418670095,2.75506418670095,6.51175273797047,3.6741674786795,3.6741674786795
"274","Tarsius tarsier","Spectral Tarsier","mammalia",FALSE,TRUE,"Decreasing","VU","A2c",2190,5.9958932238193,3.50389048801824,1.96335481659702,1.96335481659702,4.90109037786124,2.75506418670095,2.75506418670095,6.51175273797047,3.6741674786795,3.6741674786795
"275","Tarsius tumpara","Siau Island Tarsier","mammalia",FALSE,TRUE,"Decreasing","CR","A2acd; B1b(ii,iii)",2190,5.9958932238193,14.8660077479215,8.55883804493366,8.55883804493366,20.1786754970349,11.776479855602,11.776479855602,36.9042655519807,22.5871983362855,22.5871983362855
"276","Tayassu pecari","White-lipped Peccary","mammalia",TRUE,TRUE,"Decreasing","VU","A2bcde+3bcde",3177.4107,8.69927638603696,3.50389048801824,1.35738760915601,1.35738760915601,4.90109037786124,1.90712997522562,1.90712997522562,6.51175273797047,2.54707916613649,2.54707916613649
"277","Thomasomys pyrrhonotus","Thomas's Oldfield Mouse","mammalia",FALSE,TRUE,"Decreasing","VU","A2a",589.3882991,1.61365721861739,3.50389048801824,3.50389048801824,7.1029577717548,4.90109037786124,4.90109037786124,9.86007635124983,6.51175273797047,6.51175273797047,12.9852770059656
"278","Thylamys karimii","Karimi's Fat-tailed Mouse Opossum","mammalia",FALSE,TRUE,"Decreasing","VU","A2c+3c",642.840025,1.76000006844627,3.50389048801824,3.50389048801824,6.53209494720386,4.90109037786124,4.90109037786124,9.07866742725176,6.51175273797047,6.51175273797047,11.973067971378
"279","Thylogale browni","New Guinea Pademelon","mammalia",FALSE,TRUE,"Decreasing","VU","A2d",1825,4.99657768651609,3.50389048801824,2.35137563054822,2.35137563054822,4.90109037786124,3.29690080862926,3.29690080862926,6.51175273797047,4.39264016869589,4.39264016869589
"280","Tolypeutes tricinctus","Brazilian Three-banded Armadillo","mammalia",FALSE,TRUE,"Decreasing","VU","A2cd",1095,2.99794661190965,3.50389048801824,3.50389048801824,3.88816201183548,4.90109037786124,4.90109037786124,5.43422458667347,6.51175273797047,6.51175273797047,7.21333989074514
"281","Trachypithecus auratus","Javan Lutung","mammalia",FALSE,TRUE,"Decreasing","VU","A2cd",4015,10.9924709103354,3.50389048801824,1.07574548459258,1.07574548459258,4.90109037786124,1.51229970208653,1.51229970208653,6.51175273797047,2.02113129281826,2.02113129281826
"282","Trachypithecus francoisi","François’s Langur","mammalia",TRUE,TRUE,"Decreasing","EN","A2cd",4015,10.9924709103354,6.69670084631926,2.07994902374956,2.07994902374956,9.8381456326306,3.09164514569873,3.09164514569873,14.449622653224,4.62223901108084,4.62223901108084
"283","Trachypithecus geei","Gee’s Golden Langur","mammalia",FALSE,TRUE,"Decreasing","EN","A2c; C2a(i)",3650,9.99315537303217,6.69670084631926,2.28554952716388,2.28554952716388,9.8381456326306,3.39550312400438,3.39550312400438,14.449622653224,5.07254548928852,5.07254548928852
"284","Trachypithecus germaini","Indochinese Lutung","mammalia",FALSE,TRUE,"Decreasing","EN","A2cd",4015,10.9924709103354,6.69670084631926,2.07994902374956,2.07994902374956,9.8381456326306,3.09164514569873,3.09164514569873,14.449622653224,4.62223901108084,4.62223901108084
"285","Trachypithecus hatinhensis","Hatinh Langur","mammalia",FALSE,TRUE,"Decreasing","EN","A2cd",4015,10.9924709103354,6.69670084631926,2.07994902374956,2.07994902374956,9.8381456326306,3.09164514569873,3.09164514569873,14.449622653224,4.62223901108084,4.62223901108084
"286","Trachypithecus phayrei","Phayre’s Leaf-monkey","mammalia",FALSE,TRUE,"Decreasing","EN","A2cd",4015,10.9924709103354,6.69670084631926,2.07994902374956,2.07994902374956,9.8381456326306,3.09164514569873,3.09164514569873,14.449622653224,4.62223901108084,4.62223901108084
"287","Trachypithecus pileatus","Capped Langur","mammalia",TRUE,TRUE,"Decreasing","VU","A2cd+3cd",4015,10.9924709103354,3.50389048801824,1.07574548459258,1.07574548459258,4.90109037786124,1.51229970208653,1.51229970208653,6.51175273797047,2.02113129281826,2.02113129281826
"288","Trachypithecus poliocephalus","Golden-headed Langur","mammalia",TRUE,TRUE,"Decreasing","CR","A2cd",4015,10.9924709103354,14.8660077479215,4.76324630967788,4.76324630967788,20.1786754970349,6.60604781964406,6.60604781964406,36.9042655519807,13.0334126289683,13.0334126289683
"289","Trachypithecus shortridgei","Shortridge’s Langur","mammalia",FALSE,TRUE,"Decreasing","EN","A2cd",4015,10.9924709103354,6.69670084631926,2.07994902374956,2.07994902374956,9.8381456326306,3.09164514569873,3.09164514569873,14.449622653224,4.62223901108084,4.62223901108084
"290","Trachypithecus vetulus","Purple-faced Langur","mammalia",FALSE,TRUE,"Decreasing","EN","A2cd+3cd+4cd",4015,10.9924709103354,6.69670084631926,2.07994902374956,2.07994902374956,9.8381456326306,3.09164514569873,3.09164514569873,14.449622653224,4.62223901108084,4.62223901108084
"291","Ursus thibetanus","Asiatic Black Bear","mammalia",TRUE,TRUE,"Decreasing","VU","A2cd",3650,9.99315537303217,3.50389048801824,1.18268149284166,1.18268149284166,4.90109037786124,1.66226604635902,1.66226604635902,6.51175273797047,2.22098393248984,2.22098393248984
"292","Vampyressa melissa","Melissa's Yellow-eared Bat","mammalia",FALSE,TRUE,"Stable","VU","A2c",2064.27635,5.65168062970568,3.50389048801824,2.08167881233436,2.08167881233436,4.90109037786124,2.92038624900223,2.92038624900223,6.51175273797047,3.89352834205809,3.89352834205809
"293","Varecia variegata","Black-and-white Ruffed Lemur","mammalia",FALSE,TRUE,"Decreasing","CR","A2cd",3285,8.99383983572895,14.8660077479215,5.79054515374959,5.79054515374959,20.1786754970349,8.01374848378401,8.01374848378401,36.9042655519807,15.690756921472,15.690756921472
"294","Viverra megaspila","Large-spotted Civet","mammalia",FALSE,TRUE,"Decreasing","EN","A2cd+3cd+4cd",1825,4.99657768651609,6.69670084631926,4.51886168791656,4.51886168791656,9.8381456326306,6.67571183335754,6.67571183335754,14.449622653224,9.88778380116803,9.88778380116803
"295","Vormela peregusna","Marbled Polecat","mammalia",FALSE,TRUE,"Decreasing","VU","A2c",1120.762778,3.06848125393566,3.50389048801824,3.50389048801824,3.80050608331772,4.90109037786124,4.90109037786124,5.31268828800987,6.51175273797047,6.51175273797047,7.0535201240408
"296","Xenomys nelsoni","Magdelena Wood Rat","mammalia",FALSE,TRUE,"Decreasing","EN","A2c",766.22453,2.09780843258042,6.69670084631926,6.69670084631926,10.4289752429809,9.8381456326306,9.8381456326306,15.1731984466151,14.449622653224,14.449622653224,21.9624963084228
"297","Zaglossus bartoni","Eastern Long-beaked Echidna","mammalia",FALSE,TRUE,"Decreasing","VU","A2cd",5840,15.9890485968515,3.50389048801824,0.740824024279663,0.740824024279663,4.90109037786124,1.04217923605345,1.04217923605345,6.51175273797047,1.39395517858064,1.39395517858064
"298","Zaglossus bruijnii","Western Long-beaked Echidna","mammalia",FALSE,TRUE,"Decreasing","CR","A2acd",5475,14.9897330595483,14.8660077479215,3.51569021022349,3.51569021022349,20.1786754970349,4.88834189436657,4.88834189436657,36.9042655519807,9.73380953754651,9.73380953754651
"299","Zalophus wollebaeki","Galápagos Sea Lion","mammalia",TRUE,TRUE,"Decreasing","EN","A2ab",3650,9.99315537303217,6.69670084631926,2.28554952716388,2.28554952716388,9.8381456326306,3.39550312400438,3.39550312400438,14.449622653224,5.07254548928852,5.07254548928852
"300","Zyzomys maini","Arnhem Rock-rat","mammalia",TRUE,TRUE,"Decreasing","VU","A2b+3ce+4ce; B2ab(ii,iii,iv,v)",624.3996409,1.70951304832307,3.50389048801824,3.50389048801824,6.71837885909935,4.90109037786124,4.90109037786124,9.33387185130964,6.51175273797047,6.51175273797047,12.3039770778738
"301","Zyzomys pedunculatus","Central Rock-rat","mammalia",FALSE,TRUE,"Decreasing","CR","A2abce",639.6318318,1.75121651416838,14.8660077479215,14.8660077479215,26.3868601197179,20.1786754970349,20.1786754970349,34.8837502079371,36.9042655519807,36.9042655519807,58.3790245347393
